importId;name;code;workshopStockLocation_name;company_code;statusSelect;product_code
;PP 7082-1 TICKY TICKI  2XS NEGRO;PP-7082-1;Main Workshop;BASE;3;7082-1
;PP 7082-2 TICKY TICKI  XS NEGRO;PP-7082-2;Main Workshop;BASE;3;7082-2
;PP 7082-3 TICKY TICKI  S NEGRO;PP-7082-3;Main Workshop;BASE;3;7082-3
;PP 7082-4 TICKY TICKI  M NEGRO;PP-7082-4;Main Workshop;BASE;3;7082-4
;PP 7082-5 TICKY TICKI  L NEGRO;PP-7082-5;Main Workshop;BASE;3;7082-5
;PP 7082-6 TICKY TICKI  XL NEGRO;PP-7082-6;Main Workshop;BASE;3;7082-6
;PP 7082-7 TICKY TICKI  2XL NEGRO;PP-7082-7;Main Workshop;BASE;3;7082-7
;PP 7082-8 TICKY TICKI  3XL NEGRO;PP-7082-8;Main Workshop;BASE;3;7082-8
;PP 7082-9 TICKY TICKI  4XL NEGRO;PP-7082-9;Main Workshop;BASE;3;7082-9
;PP 7082-10 TICKY TICKI  5XL NEGRO;PP-7082-10;Main Workshop;BASE;3;7082-10
;PP 7084-1 SHORT ELA 2XS NEGRO;PP-7084-1;Main Workshop;BASE;3;7084-1
;PP 7084-2 SHORT ELA XS NEGRO;PP-7084-2;Main Workshop;BASE;3;7084-2
;PP 7084-3 SHORT ELA S NEGRO;PP-7084-3;Main Workshop;BASE;3;7084-3
;PP 7084-4 SHORT ELA M NEGRO;PP-7084-4;Main Workshop;BASE;3;7084-4
;PP 7084-5 SHORT ELA L NEGRO;PP-7084-5;Main Workshop;BASE;3;7084-5
;PP 7084-6 SHORT ELA XL NEGRO;PP-7084-6;Main Workshop;BASE;3;7084-6
;PP 7084-7 SHORT ELA 2XL NEGRO;PP-7084-7;Main Workshop;BASE;3;7084-7
;PP 7084-8 SHORT ELA 3XL NEGRO;PP-7084-8;Main Workshop;BASE;3;7084-8
;PP 7084-9 SHORT ELA 4XL NEGRO;PP-7084-9;Main Workshop;BASE;3;7084-9
;PP 7084-10 SHORT ELA 5XL NEGRO;PP-7084-10;Main Workshop;BASE;3;7084-10
;PP 7084-11 SHORT ELA 2XS BEIGE;PP-7084-11;Main Workshop;BASE;3;7084-11
;PP 7084-12 SHORT ELA XS BEIGE;PP-7084-12;Main Workshop;BASE;3;7084-12
;PP 7084-13 SHORT ELA S BEIGE;PP-7084-13;Main Workshop;BASE;3;7084-13
;PP 7084-14 SHORT ELA M BEIGE;PP-7084-14;Main Workshop;BASE;3;7084-14
;PP 7084-15 SHORT ELA L BEIGE;PP-7084-15;Main Workshop;BASE;3;7084-15
;PP 7084-16 SHORT ELA XL BEIGE;PP-7084-16;Main Workshop;BASE;3;7084-16
;PP 7084-17 SHORT ELA 2XL BEIGE;PP-7084-17;Main Workshop;BASE;3;7084-17
;PP 7084-18 SHORT ELA 3XL BEIGE;PP-7084-18;Main Workshop;BASE;3;7084-18
;PP 7084-19 SHORT ELA 4XL BEIGE;PP-7084-19;Main Workshop;BASE;3;7084-19
;PP 7084-20 SHORT ELA 5XL BEIGE;PP-7084-20;Main Workshop;BASE;3;7084-20
;PP 5015-1 PRINCESS 2XS NEGRO;PP-5015-1;Main Workshop;BASE;3;5015-1
;PP 5015-2 PRINCESS XS NEGRO;PP-5015-2;Main Workshop;BASE;3;5015-2
;PP 5015-3 PRINCESS S NEGRO;PP-5015-3;Main Workshop;BASE;3;5015-3
;PP 5015-4 PRINCESS M NEGRO;PP-5015-4;Main Workshop;BASE;3;5015-4
;PP 5015-5 PRINCESS L NEGRO;PP-5015-5;Main Workshop;BASE;3;5015-5
;PP 5015-6 PRINCESS XL NEGRO;PP-5015-6;Main Workshop;BASE;3;5015-6
;PP 5015-7 PRINCESS 2XL NEGRO;PP-5015-7;Main Workshop;BASE;3;5015-7
;PP 5015-8 PRINCESS 3XL NEGRO;PP-5015-8;Main Workshop;BASE;3;5015-8
;PP 5015-9 PRINCESS 4XL NEGRO;PP-5015-9;Main Workshop;BASE;3;5015-9
;PP 5015-10 PRINCESS 5XL NEGRO;PP-5015-10;Main Workshop;BASE;3;5015-10
;PP 5015-11 PRINCESS 2XS BEIGE;PP-5015-11;Main Workshop;BASE;3;5015-11
;PP 5015-12 PRINCESS XS BEIGE;PP-5015-12;Main Workshop;BASE;3;5015-12
;PP 5015-13 PRINCESS S BEIGE;PP-5015-13;Main Workshop;BASE;3;5015-13
;PP 5015-14 PRINCESS M BEIGE;PP-5015-14;Main Workshop;BASE;3;5015-14
;PP 5015-15 PRINCESS L BEIGE;PP-5015-15;Main Workshop;BASE;3;5015-15
;PP 5015-16 PRINCESS XL BEIGE;PP-5015-16;Main Workshop;BASE;3;5015-16
;PP 5015-17 PRINCESS 2XL BEIGE;PP-5015-17;Main Workshop;BASE;3;5015-17
;PP 5015-18 PRINCESS 3XL BEIGE;PP-5015-18;Main Workshop;BASE;3;5015-18
;PP 5015-19 PRINCESS 4XL BEIGE;PP-5015-19;Main Workshop;BASE;3;5015-19
;PP 5015-20 PRINCESS 5XL BEIGE;PP-5015-20;Main Workshop;BASE;3;5015-20
;PP 1061B-1 SENOS LIBRES BRA 2XS NEGRO;PP-1061B-1;Main Workshop;BASE;3;1061B-1
;PP 1061B-2 SENOS LIBRES BRA XS NEGRO;PP-1061B-2;Main Workshop;BASE;3;1061B-2
;PP 1061B-3 SENOS LIBRES BRA S NEGRO;PP-1061B-3;Main Workshop;BASE;3;1061B-3
;PP 1061B-4 SENOS LIBRES BRA M NEGRO;PP-1061B-4;Main Workshop;BASE;3;1061B-4
;PP 1061B-5 SENOS LIBRES BRA L NEGRO;PP-1061B-5;Main Workshop;BASE;3;1061B-5
;PP 1061B-6 SENOS LIBRES BRA XL NEGRO;PP-1061B-6;Main Workshop;BASE;3;1061B-6
;PP 1061B-7 SENOS LIBRES BRA 2XL NEGRO;PP-1061B-7;Main Workshop;BASE;3;1061B-7
;PP 1061B-8 SENOS LIBRES BRA 3XL NEGRO;PP-1061B-8;Main Workshop;BASE;3;1061B-8
;PP 1061B-9 SENOS LIBRES BRA 4XL NEGRO;PP-1061B-9;Main Workshop;BASE;3;1061B-9
;PP 1061B-10 SENOS LIBRES BRA 5XL NEGRO;PP-1061B-10;Main Workshop;BASE;3;1061B-10
;PP 1061B-11 SENOS LIBRES BRA 3XS BEIGE;PP-1061B-11;Main Workshop;BASE;3;1061B-11
;PP 1061B-12 SENOS LIBRES BRA 2XS BEIGE;PP-1061B-12;Main Workshop;BASE;3;1061B-12
;PP 1061B-13 SENOS LIBRES BRA XS BEIGE;PP-1061B-13;Main Workshop;BASE;3;1061B-13
;PP 1061B-14 SENOS LIBRES BRA S BEIGE;PP-1061B-14;Main Workshop;BASE;3;1061B-14
;PP 1061B-15 SENOS LIBRES BRA M BEIGE;PP-1061B-15;Main Workshop;BASE;3;1061B-15
;PP 1061B-16 SENOS LIBRES BRA L BEIGE;PP-1061B-16;Main Workshop;BASE;3;1061B-16
;PP 1061B-17 SENOS LIBRES BRA XL BEIGE;PP-1061B-17;Main Workshop;BASE;3;1061B-17
;PP 1061B-18 SENOS LIBRES BRA 2XL BEIGE;PP-1061B-18;Main Workshop;BASE;3;1061B-18
;PP 1061B-19 SENOS LIBRES BRA 3XL BEIGE;PP-1061B-19;Main Workshop;BASE;3;1061B-19
;PP 1061B-20 SENOS LIBRES BRA 4XL BEIGE;PP-1061B-20;Main Workshop;BASE;3;1061B-20
;PP 1061B-21 SENOS LIBRES BRA 5XL BEIGE;PP-1061B-21;Main Workshop;BASE;3;1061B-21
;PP 5054B-1 LUXURY 2XS NEGRO;PP-5054B-1;Main Workshop;BASE;3;5054B-1
;PP 5054B-2 LUXURY XS NEGRO;PP-5054B-2;Main Workshop;BASE;3;5054B-2
;PP 5054B-3 LUXURY S NEGRO;PP-5054B-3;Main Workshop;BASE;3;5054B-3
;PP 5054B-4 LUXURY M NEGRO;PP-5054B-4;Main Workshop;BASE;3;5054B-4
;PP 5054B-5 LUXURY L NEGRO;PP-5054B-5;Main Workshop;BASE;3;5054B-5
;PP 5054B-6 LUXURY XL NEGRO;PP-5054B-6;Main Workshop;BASE;3;5054B-6
;PP 5054B-7 LUXURY 2XL NEGRO;PP-5054B-7;Main Workshop;BASE;3;5054B-7
;PP 5054B-8 LUXURY 3XL NEGRO;PP-5054B-8;Main Workshop;BASE;3;5054B-8
;PP 5054B-9 LUXURY 4XL NEGRO;PP-5054B-9;Main Workshop;BASE;3;5054B-9
;PP 5054B-10 LUXURY 5XL NEGRO;PP-5054B-10;Main Workshop;BASE;3;5054B-10
;PP 5054B-11 LUXURY 2XS BEIGE;PP-5054B-11;Main Workshop;BASE;3;5054B-11
;PP 5054B-12 LUXURY XS BEIGE;PP-5054B-12;Main Workshop;BASE;3;5054B-12
;PP 5054B-13 LUXURY S BEIGE;PP-5054B-13;Main Workshop;BASE;3;5054B-13
;PP 5054B-14 LUXURY M BEIGE;PP-5054B-14;Main Workshop;BASE;3;5054B-14
;PP 5054B-15 LUXURY L BEIGE;PP-5054B-15;Main Workshop;BASE;3;5054B-15
;PP 5054B-16 LUXURY XL BEIGE;PP-5054B-16;Main Workshop;BASE;3;5054B-16
;PP 5054B-17 LUXURY 2XL BEIGE;PP-5054B-17;Main Workshop;BASE;3;5054B-17
;PP 5054B-18 LUXURY 3XL BEIGE;PP-5054B-18;Main Workshop;BASE;3;5054B-18
;PP 5054B-19 LUXURY 4XL BEIGE;PP-5054B-19;Main Workshop;BASE;3;5054B-19
;PP 5054B-20 LUXURY 5XL BEIGE;PP-5054B-20;Main Workshop;BASE;3;5054B-20
;PP 1565-1 MAGIC STRAPLES 2XS NEGRO;PP-1565-1;Main Workshop;BASE;3;1565-1
;PP 1565-2 MAGIC STRAPLES XS NEGRO;PP-1565-2;Main Workshop;BASE;3;1565-2
;PP 1565-3 MAGIC STRAPLES S NEGRO;PP-1565-3;Main Workshop;BASE;3;1565-3
;PP 1565-4 MAGIC STRAPLES M NEGRO;PP-1565-4;Main Workshop;BASE;3;1565-4
;PP 1565-5 MAGIC STRAPLES L NEGRO;PP-1565-5;Main Workshop;BASE;3;1565-5
;PP 1565-6 MAGIC STRAPLES XL NEGRO;PP-1565-6;Main Workshop;BASE;3;1565-6
;PP 1565-7 MAGIC STRAPLES 2XL NEGRO;PP-1565-7;Main Workshop;BASE;3;1565-7
;PP 1565-8 MAGIC STRAPLES 3XL NEGRO;PP-1565-8;Main Workshop;BASE;3;1565-8
;PP 1565-9 MAGIC STRAPLES 4XL NEGRO;PP-1565-9;Main Workshop;BASE;3;1565-9
;PP 1565-10 MAGIC STRAPLES 5XL NEGRO;PP-1565-10;Main Workshop;BASE;3;1565-10
;PP 1565-11 MAGIC STRAPLES 2XS BEIGE;PP-1565-11;Main Workshop;BASE;3;1565-11
;PP 1565-12 MAGIC STRAPLES XS BEIGE;PP-1565-12;Main Workshop;BASE;3;1565-12
;PP 1565-13 MAGIC STRAPLES S BEIGE;PP-1565-13;Main Workshop;BASE;3;1565-13
;PP 1565-14 MAGIC STRAPLES M BEIGE;PP-1565-14;Main Workshop;BASE;3;1565-14
;PP 1565-15 MAGIC STRAPLES L BEIGE;PP-1565-15;Main Workshop;BASE;3;1565-15
;PP 1565-16 MAGIC STRAPLES XL BEIGE;PP-1565-16;Main Workshop;BASE;3;1565-16
;PP 1565-17 MAGIC STRAPLES 2XL BEIGE;PP-1565-17;Main Workshop;BASE;3;1565-17
;PP 1565-18 MAGIC STRAPLES 3XL BEIGE;PP-1565-18;Main Workshop;BASE;3;1565-18
;PP 1565-19 MAGIC STRAPLES 4XL BEIGE;PP-1565-19;Main Workshop;BASE;3;1565-19
;PP 1565-20 MAGIC STRAPLES 5XL BEIGE;PP-1565-20;Main Workshop;BASE;3;1565-20
;PP FP1567-1 MAGIC STRAPLES 2XS NEGRO;PP-FP1567-1;Main Workshop;BASE;3;FP1567-1
;PP FP1567-2 MAGIC STRAPLES XS NEGRO;PP-FP1567-2;Main Workshop;BASE;3;FP1567-2
;PP FP1567-3 MAGIC STRAPLES S NEGRO;PP-FP1567-3;Main Workshop;BASE;3;FP1567-3
;PP FP1567-4 MAGIC STRAPLES M NEGRO;PP-FP1567-4;Main Workshop;BASE;3;FP1567-4
;PP FP1567-5 MAGIC STRAPLES L NEGRO;PP-FP1567-5;Main Workshop;BASE;3;FP1567-5
;PP FP1567-6 MAGIC STRAPLES XL NEGRO;PP-FP1567-6;Main Workshop;BASE;3;FP1567-6
;PP FP1567-7 MAGIC STRAPLES 2XL NEGRO;PP-FP1567-7;Main Workshop;BASE;3;FP1567-7
;PP FP1567-8 MAGIC STRAPLES 3XL NEGRO;PP-FP1567-8;Main Workshop;BASE;3;FP1567-8
;PP FP1567-9 MAGIC STRAPLES 4XL NEGRO;PP-FP1567-9;Main Workshop;BASE;3;FP1567-9
;PP FP1567-10 MAGIC STRAPLES 5XL NEGRO;PP-FP1567-10;Main Workshop;BASE;3;FP1567-10
;PP 1097-1 SHAKIRA 2XS NEGRO;PP-1097-1;Main Workshop;BASE;3;1097-1
;PP 1097-2 SHAKIRA XS NEGRO;PP-1097-2;Main Workshop;BASE;3;1097-2
;PP 1097-3 SHAKIRA S NEGRO;PP-1097-3;Main Workshop;BASE;3;1097-3
;PP 1097-4 SHAKIRA M NEGRO;PP-1097-4;Main Workshop;BASE;3;1097-4
;PP 1097-5 SHAKIRA L NEGRO;PP-1097-5;Main Workshop;BASE;3;1097-5
;PP 1097-6 SHAKIRA XL NEGRO;PP-1097-6;Main Workshop;BASE;3;1097-6
;PP 1097-7 SHAKIRA 2XL NEGRO;PP-1097-7;Main Workshop;BASE;3;1097-7
;PP 1097-8 SHAKIRA 3XL NEGRO;PP-1097-8;Main Workshop;BASE;3;1097-8
;PP 1097-9 SHAKIRA 4XL NEGRO;PP-1097-9;Main Workshop;BASE;3;1097-9
;PP 1097-10 SHAKIRA 5XL NEGRO;PP-1097-10;Main Workshop;BASE;3;1097-10
;PP 1097-11 SHAKIRA 2XS BEIGE;PP-1097-11;Main Workshop;BASE;3;1097-11
;PP 1097-12 SHAKIRA XS BEIGE;PP-1097-12;Main Workshop;BASE;3;1097-12
;PP 1097-13 SHAKIRA S BEIGE;PP-1097-13;Main Workshop;BASE;3;1097-13
;PP 1097-14 SHAKIRA M BEIGE;PP-1097-14;Main Workshop;BASE;3;1097-14
;PP 1097-15 SHAKIRA L BEIGE;PP-1097-15;Main Workshop;BASE;3;1097-15
;PP 1097-16 SHAKIRA XL BEIGE;PP-1097-16;Main Workshop;BASE;3;1097-16
;PP 1097-17 SHAKIRA 2XL BEIGE;PP-1097-17;Main Workshop;BASE;3;1097-17
;PP 1097-18 SHAKIRA 3XL BEIGE;PP-1097-18;Main Workshop;BASE;3;1097-18
;PP 1097-19 SHAKIRA 4XL BEIGE;PP-1097-19;Main Workshop;BASE;3;1097-19
;PP 1097-20 SHAKIRA 5XL BEIGE;PP-1097-20;Main Workshop;BASE;3;1097-20
;PP 7012-1 MADONNA 2XS NEGRO;PP-7012-1;Main Workshop;BASE;3;7012-1
;PP 7012-2 MADONNA XS NEGRO;PP-7012-2;Main Workshop;BASE;3;7012-2
;PP 7012-3 MADONNA S NEGRO;PP-7012-3;Main Workshop;BASE;3;7012-3
;PP 7012-4 MADONNA M NEGRO;PP-7012-4;Main Workshop;BASE;3;7012-4
;PP 7012-5 MADONNA L NEGRO;PP-7012-5;Main Workshop;BASE;3;7012-5
;PP 7012-6 MADONNA XL NEGRO;PP-7012-6;Main Workshop;BASE;3;7012-6
;PP 7012-7 MADONNA 2XL NEGRO;PP-7012-7;Main Workshop;BASE;3;7012-7
;PP 7012-8 MADONNA 3XL NEGRO;PP-7012-8;Main Workshop;BASE;3;7012-8
;PP 7012-9 MADONNA 4XL NEGRO;PP-7012-9;Main Workshop;BASE;3;7012-9
;PP 7012-10 MADONNA 5XL NEGRO;PP-7012-10;Main Workshop;BASE;3;7012-10
;PP 9553-1 KOURTNEY 2XS NEGRO;PP-9553-1;Main Workshop;BASE;3;9553-1
;PP 9553-2 KOURTNEY XS NEGRO;PP-9553-2;Main Workshop;BASE;3;9553-2
;PP 9553-3 KOURTNEY S NEGRO;PP-9553-3;Main Workshop;BASE;3;9553-3
;PP 9553-4 KOURTNEY M NEGRO;PP-9553-4;Main Workshop;BASE;3;9553-4
;PP 9553-5 KOURTNEY L NEGRO;PP-9553-5;Main Workshop;BASE;3;9553-5
;PP 9553-6 KOURTNEY XL NEGRO;PP-9553-6;Main Workshop;BASE;3;9553-6
;PP 9553-7 KOURTNEY 2XL NEGRO;PP-9553-7;Main Workshop;BASE;3;9553-7
;PP 9553-8 KOURTNEY 3XL NEGRO;PP-9553-8;Main Workshop;BASE;3;9553-8
;PP 9553-9 KOURTNEY 4XL NEGRO;PP-9553-9;Main Workshop;BASE;3;9553-9
;PP 9553-10 KOURTNEY 5XL NEGRO;PP-9553-10;Main Workshop;BASE;3;9553-10
;PP 9553-11 KOURTNEY 2XS BEIGE;PP-9553-11;Main Workshop;BASE;3;9553-11
;PP 9553-12 KOURTNEY XS BEIGE;PP-9553-12;Main Workshop;BASE;3;9553-12
;PP 9553-13 KOURTNEY S BEIGE;PP-9553-13;Main Workshop;BASE;3;9553-13
;PP 9553-14 KOURTNEY M BEIGE;PP-9553-14;Main Workshop;BASE;3;9553-14
;PP 9553-15 KOURTNEY L BEIGE;PP-9553-15;Main Workshop;BASE;3;9553-15
;PP 9553-16 KOURTNEY XL BEIGE;PP-9553-16;Main Workshop;BASE;3;9553-16
;PP 9553-17 KOURTNEY 2XL BEIGE;PP-9553-17;Main Workshop;BASE;3;9553-17
;PP 9553-18 KOURTNEY 3XL BEIGE;PP-9553-18;Main Workshop;BASE;3;9553-18
;PP 9553-19 KOURTNEY 4XL BEIGE;PP-9553-19;Main Workshop;BASE;3;9553-19
;PP 9553-20 KOURTNEY 5XL BEIGE;PP-9553-20;Main Workshop;BASE;3;9553-20
;PP 9563-1 LUCY 2XS NEGRO;PP-9563-1;Main Workshop;BASE;3;9563-1
;PP 9563-2 LUCY XS NEGRO;PP-9563-2;Main Workshop;BASE;3;9563-2
;PP 9563-3 LUCY S NEGRO;PP-9563-3;Main Workshop;BASE;3;9563-3
;PP 9563-4 LUCY M NEGRO;PP-9563-4;Main Workshop;BASE;3;9563-4
;PP 9563-5 LUCY L NEGRO;PP-9563-5;Main Workshop;BASE;3;9563-5
;PP 9563-6 LUCY XL NEGRO;PP-9563-6;Main Workshop;BASE;3;9563-6
;PP 9563-7 LUCY 2XL NEGRO;PP-9563-7;Main Workshop;BASE;3;9563-7
;PP 9563-8 LUCY 3XL NEGRO;PP-9563-8;Main Workshop;BASE;3;9563-8
;PP 9563-9 LUCY 4XL NEGRO;PP-9563-9;Main Workshop;BASE;3;9563-9
;PP 9563-10 LUCY 5XL NEGRO;PP-9563-10;Main Workshop;BASE;3;9563-10
;PP 9565-1 ELLIE 2XS NEGRO;PP-9565-1;Main Workshop;BASE;3;9565-1
;PP 9565-2 ELLIE XS NEGRO;PP-9565-2;Main Workshop;BASE;3;9565-2
;PP 9565-3 ELLIE S NEGRO;PP-9565-3;Main Workshop;BASE;3;9565-3
;PP 9565-4 ELLIE M NEGRO;PP-9565-4;Main Workshop;BASE;3;9565-4
;PP 9565-5 ELLIE L NEGRO;PP-9565-5;Main Workshop;BASE;3;9565-5
;PP 9565-6 ELLIE XL NEGRO;PP-9565-6;Main Workshop;BASE;3;9565-6
;PP 9565-7 ELLIE 2XL NEGRO;PP-9565-7;Main Workshop;BASE;3;9565-7
;PP 9565-8 ELLIE 3XL NEGRO;PP-9565-8;Main Workshop;BASE;3;9565-8
;PP 9565-9 ELLIE 4XL NEGRO;PP-9565-9;Main Workshop;BASE;3;9565-9
;PP 9565-10 ELLIE 5XL NEGRO;PP-9565-10;Main Workshop;BASE;3;9565-10
;PP 9565-11 ELLIE 2XS BEIGE;PP-9565-11;Main Workshop;BASE;3;9565-11
;PP 9565-12 ELLIE XS BEIGE;PP-9565-12;Main Workshop;BASE;3;9565-12
;PP 9565-13 ELLIE S BEIGE;PP-9565-13;Main Workshop;BASE;3;9565-13
;PP 9565-14 ELLIE M BEIGE;PP-9565-14;Main Workshop;BASE;3;9565-14
;PP 9565-15 ELLIE L BEIGE;PP-9565-15;Main Workshop;BASE;3;9565-15
;PP 9565-16 ELLIE XL BEIGE;PP-9565-16;Main Workshop;BASE;3;9565-16
;PP 9565-17 ELLIE 2XL BEIGE;PP-9565-17;Main Workshop;BASE;3;9565-17
;PP 9565-18 ELLIE 3XL BEIGE;PP-9565-18;Main Workshop;BASE;3;9565-18
;PP 9565-19 ELLIE 4XL BEIGE;PP-9565-19;Main Workshop;BASE;3;9565-19
;PP 9565-20 ELLIE 5XL BEIGE;PP-9565-20;Main Workshop;BASE;3;9565-20
;PP 1518-1 SHORT ESPAÑA 2XS NEGRO;PP-1518-1;Main Workshop;BASE;3;1518-1
;PP 1518-2 SHORT ESPAÑA XS NEGRO;PP-1518-2;Main Workshop;BASE;3;1518-2
;PP 1518-3 SHORT ESPAÑA S NEGRO;PP-1518-3;Main Workshop;BASE;3;1518-3
;PP 1518-4 SHORT ESPAÑA M NEGRO;PP-1518-4;Main Workshop;BASE;3;1518-4
;PP 1518-5 SHORT ESPAÑA L NEGRO;PP-1518-5;Main Workshop;BASE;3;1518-5
;PP 1518-6 SHORT ESPAÑA XL NEGRO;PP-1518-6;Main Workshop;BASE;3;1518-6
;PP 1518-7 SHORT ESPAÑA 2XL NEGRO;PP-1518-7;Main Workshop;BASE;3;1518-7
;PP 1518-8 SHORT ESPAÑA 3XL NEGRO;PP-1518-8;Main Workshop;BASE;3;1518-8
;PP 1518-9 SHORT ESPAÑA 4XL NEGRO;PP-1518-9;Main Workshop;BASE;3;1518-9
;PP 1518-10 SHORT ESPAÑA 5XL NEGRO;PP-1518-10;Main Workshop;BASE;3;1518-10
;PP 1518-11 SHORT ESPAÑA 2XS BEIGE;PP-1518-11;Main Workshop;BASE;3;1518-11
;PP 1518-12 SHORT ESPAÑA XS BEIGE;PP-1518-12;Main Workshop;BASE;3;1518-12
;PP 1518-13 SHORT ESPAÑA S BEIGE;PP-1518-13;Main Workshop;BASE;3;1518-13
;PP 1518-14 SHORT ESPAÑA M BEIGE;PP-1518-14;Main Workshop;BASE;3;1518-14
;PP 1518-15 SHORT ESPAÑA L BEIGE;PP-1518-15;Main Workshop;BASE;3;1518-15
;PP 1518-16 SHORT ESPAÑA XL BEIGE;PP-1518-16;Main Workshop;BASE;3;1518-16
;PP 1518-17 SHORT ESPAÑA 2XL BEIGE;PP-1518-17;Main Workshop;BASE;3;1518-17
;PP 1518-18 SHORT ESPAÑA 3XL BEIGE;PP-1518-18;Main Workshop;BASE;3;1518-18
;PP 1518-19 SHORT ESPAÑA 4XL BEIGE;PP-1518-19;Main Workshop;BASE;3;1518-19
;PP 1518-20 SHORT ESPAÑA 5XL BEIGE;PP-1518-20;Main Workshop;BASE;3;1518-20
;PP 1518-21 SHORT ESPAÑA ALTO 2XS NEGRO;PP-1518-21;Main Workshop;BASE;3;1518-21
;PP 1518-22 SHORT ESPAÑA ALTO XS NEGRO;PP-1518-22;Main Workshop;BASE;3;1518-22
;PP 1518-23 SHORT ESPAÑA ALTO S NEGRO;PP-1518-23;Main Workshop;BASE;3;1518-23
;PP 1518-24 SHORT ESPAÑA ALTO M NEGRO;PP-1518-24;Main Workshop;BASE;3;1518-24
;PP 1518-25 SHORT ESPAÑA ALTO L NEGRO;PP-1518-25;Main Workshop;BASE;3;1518-25
;PP 1518-26 SHORT ESPAÑA ALTO XL NEGRO;PP-1518-26;Main Workshop;BASE;3;1518-26
;PP 1518-27 SHORT ESPAÑA ALTO 2XL NEGRO;PP-1518-27;Main Workshop;BASE;3;1518-27
;PP 1518-28 SHORT ESPAÑA ALTO 3XL NEGRO;PP-1518-28;Main Workshop;BASE;3;1518-28
;PP 1518-29 SHORT ESPAÑA ALTO 4XL NEGRO;PP-1518-29;Main Workshop;BASE;3;1518-29
;PP 1518-30 SHORT ESPAÑA ALTO 5XL NEGRO;PP-1518-30;Main Workshop;BASE;3;1518-30
;PP 1572-1 KANI 2XS NEGRO;PP-1572-1;Main Workshop;BASE;3;1572-1
;PP 1572-2 KANI XS NEGRO;PP-1572-2;Main Workshop;BASE;3;1572-2
;PP 1572-3 KANI S NEGRO;PP-1572-3;Main Workshop;BASE;3;1572-3
;PP 1572-4 KANI M NEGRO;PP-1572-4;Main Workshop;BASE;3;1572-4
;PP 1572-5 KANI L NEGRO;PP-1572-5;Main Workshop;BASE;3;1572-5
;PP 1572-6 KANI XL NEGRO;PP-1572-6;Main Workshop;BASE;3;1572-6
;PP 1572-7 KANI 2XL NEGRO;PP-1572-7;Main Workshop;BASE;3;1572-7
;PP 1572-8 KANI 3XL NEGRO;PP-1572-8;Main Workshop;BASE;3;1572-8
;PP 1572-9 KANI 4XL NEGRO;PP-1572-9;Main Workshop;BASE;3;1572-9
;PP 1572-10 KANI 5XL NEGRO;PP-1572-10;Main Workshop;BASE;3;1572-10
;PP 1572-11 KANI 2XS BEIGE;PP-1572-11;Main Workshop;BASE;3;1572-11
;PP 1572-12 KANI XS BEIGE;PP-1572-12;Main Workshop;BASE;3;1572-12
;PP 1572-13 KANI S BEIGE;PP-1572-13;Main Workshop;BASE;3;1572-13
;PP 1572-14 KANI M BEIGE;PP-1572-14;Main Workshop;BASE;3;1572-14
;PP 1572-15 KANI L BEIGE;PP-1572-15;Main Workshop;BASE;3;1572-15
;PP 1572-16 KANI XL BEIGE;PP-1572-16;Main Workshop;BASE;3;1572-16
;PP 1572-17 KANI 2XL BEIGE;PP-1572-17;Main Workshop;BASE;3;1572-17
;PP 1572-18 KANI 3XL BEIGE;PP-1572-18;Main Workshop;BASE;3;1572-18
;PP 1572-19 KANI 4XL BEIGE;PP-1572-19;Main Workshop;BASE;3;1572-19
;PP 1572-20 KANI 5XL BEIGE;PP-1572-20;Main Workshop;BASE;3;1572-20
;PP 1024B-1 EXCELENCIA CIERRE 2XS NEGRO;PP-1024B-1;Main Workshop;BASE;3;1024B-1
;PP 1024B-2 EXCELENCIA CIERRE XS NEGRO;PP-1024B-2;Main Workshop;BASE;3;1024B-2
;PP 1024B-3 EXCELENCIA CIERRE S NEGRO;PP-1024B-3;Main Workshop;BASE;3;1024B-3
;PP 1024B-4 EXCELENCIA CIERRE M NEGRO;PP-1024B-4;Main Workshop;BASE;3;1024B-4
;PP 1024B-5 EXCELENCIA CIERRE L NEGRO;PP-1024B-5;Main Workshop;BASE;3;1024B-5
;PP 1024B-6 EXCELENCIA CIERRE XL NEGRO;PP-1024B-6;Main Workshop;BASE;3;1024B-6
;PP 1024B-7 EXCELENCIA CIERRE 2XL NEGRO;PP-1024B-7;Main Workshop;BASE;3;1024B-7
;PP 1024B-8 EXCELENCIA CIERRE 3XL NEGRO;PP-1024B-8;Main Workshop;BASE;3;1024B-8
;PP 1024B-9 EXCELENCIA CIERRE 4XL NEGRO;PP-1024B-9;Main Workshop;BASE;3;1024B-9
;PP 1024B-10 EXCELENCIA CIERRE 5XL NEGRO;PP-1024B-10;Main Workshop;BASE;3;1024B-10
;PP 1603-1 JACKY 2XS BEIGE;PP-1603-1;Main Workshop;BASE;3;1603-1
;PP 1603-2 JACKY XS BEIGE;PP-1603-2;Main Workshop;BASE;3;1603-2
;PP 1603-3 JACKY S BEIGE;PP-1603-3;Main Workshop;BASE;3;1603-3
;PP 1603-4 JACKY M BEIGE;PP-1603-4;Main Workshop;BASE;3;1603-4
;PP 1603-5 JACKY L BEIGE;PP-1603-5;Main Workshop;BASE;3;1603-5
;PP 1603-6 JACKY XL BEIGE;PP-1603-6;Main Workshop;BASE;3;1603-6
;PP 1603-7 JACKY 2XL BEIGE;PP-1603-7;Main Workshop;BASE;3;1603-7
;PP 1603-8 JACKY 3XL BEIGE;PP-1603-8;Main Workshop;BASE;3;1603-8
;PP 1603-9 JACKY 4XL BEIGE;PP-1603-9;Main Workshop;BASE;3;1603-9
;PP 1603-10 JACKY 5XL BEIGE;PP-1603-10;Main Workshop;BASE;3;1603-10
;PP 1012-1 MONICA 2XS NEGRO;PP-1012-1;Main Workshop;BASE;3;1012-1
;PP 1012-2 MONICA XS NEGRO;PP-1012-2;Main Workshop;BASE;3;1012-2
;PP 1012-3 MONICA S NEGRO;PP-1012-3;Main Workshop;BASE;3;1012-3
;PP 1012-4 MONICA M NEGRO;PP-1012-4;Main Workshop;BASE;3;1012-4
;PP 1012-5 MONICA L NEGRO;PP-1012-5;Main Workshop;BASE;3;1012-5
;PP 1012-6 MONICA XL NEGRO;PP-1012-6;Main Workshop;BASE;3;1012-6
;PP 1012-7 MONICA 2XL NEGRO;PP-1012-7;Main Workshop;BASE;3;1012-7
;PP 1012-8 MONICA 3XL NEGRO;PP-1012-8;Main Workshop;BASE;3;1012-8
;PP 1012-9 MONICA 4XL NEGRO;PP-1012-9;Main Workshop;BASE;3;1012-9
;PP 1012-10 MONICA 5XL NEGRO;PP-1012-10;Main Workshop;BASE;3;1012-10
;PP 1012-11 MONICA 2XS BEIGE;PP-1012-11;Main Workshop;BASE;3;1012-11
;PP 1012-12 MONICA XS BEIGE;PP-1012-12;Main Workshop;BASE;3;1012-12
;PP 1012-13 MONICA S BEIGE;PP-1012-13;Main Workshop;BASE;3;1012-13
;PP 1012-14 MONICA M BEIGE;PP-1012-14;Main Workshop;BASE;3;1012-14
;PP 1012-15 MONICA L BEIGE;PP-1012-15;Main Workshop;BASE;3;1012-15
;PP 1012-16 MONICA XL BEIGE;PP-1012-16;Main Workshop;BASE;3;1012-16
;PP 1012-17 MONICA 2XL BEIGE;PP-1012-17;Main Workshop;BASE;3;1012-17
;PP 1012-18 MONICA 3XL BEIGE;PP-1012-18;Main Workshop;BASE;3;1012-18
;PP 1012-19 MONICA 4XL BEIGE;PP-1012-19;Main Workshop;BASE;3;1012-19
;PP 1012-20 MONICA 5XL BEIGE;PP-1012-20;Main Workshop;BASE;3;1012-20
;PP 1049B-1 CANDICE 2XS NEGRO;PP-1049B-1;Main Workshop;BASE;3;1049B-1
;PP 1049B-2 CANDICE XS NEGRO;PP-1049B-2;Main Workshop;BASE;3;1049B-2
;PP 1049B-3 CANDICE S NEGRO;PP-1049B-3;Main Workshop;BASE;3;1049B-3
;PP 1049B-4 CANDICE M NEGRO;PP-1049B-4;Main Workshop;BASE;3;1049B-4
;PP 1049B-5 CANDICE L NEGRO;PP-1049B-5;Main Workshop;BASE;3;1049B-5
;PP 1049B-6 CANDICE XL NEGRO;PP-1049B-6;Main Workshop;BASE;3;1049B-6
;PP 1049B-7 CANDICE 2XL NEGRO;PP-1049B-7;Main Workshop;BASE;3;1049B-7
;PP 1049B-8 CANDICE 3XL NEGRO;PP-1049B-8;Main Workshop;BASE;3;1049B-8
;PP 1049B-9 CANDICE 4XL NEGRO;PP-1049B-9;Main Workshop;BASE;3;1049B-9
;PP 1049B-10 CANDICE 5XL NEGRO;PP-1049B-10;Main Workshop;BASE;3;1049B-10
;PP 5090-1 DELUXE GUITAR LONG LEG 2XS COCOA;PP-5090-1;Main Workshop;BASE;3;5090-1
;PP 5090-2 DELUXE GUITAR LONG LEG XS COCOA;PP-5090-2;Main Workshop;BASE;3;5090-2
;PP 5090-3 DELUXE GUITAR LONG LEG S COCOA;PP-5090-3;Main Workshop;BASE;3;5090-3
;PP 5090-4 DELUXE GUITAR LONG LEG M COCOA;PP-5090-4;Main Workshop;BASE;3;5090-4
;PP 5090-5 DELUXE GUITAR LONG LEG L COCOA;PP-5090-5;Main Workshop;BASE;3;5090-5
;PP 5090-6 DELUXE GUITAR LONG LEG XL COCOA;PP-5090-6;Main Workshop;BASE;3;5090-6
;PP 5090-7 DELUXE GUITAR LONG LEG 2XL COCOA;PP-5090-7;Main Workshop;BASE;3;5090-7
;PP 5090-8 DELUXE GUITAR LONG LEG 3XL COCOA;PP-5090-8;Main Workshop;BASE;3;5090-8
;PP 5090-9 DELUXE GUITAR LONG LEG 4XL COCOA;PP-5090-9;Main Workshop;BASE;3;5090-9
;PP 5090-10 DELUXE GUITAR LONG LEG 5XL COCOA;PP-5090-10;Main Workshop;BASE;3;5090-10
;PP 5095-1 DELUXE GUITAR 2XS NEGRO;PP-5095-1;Main Workshop;BASE;3;5095-1
;PP 5095-2 DELUXE GUITAR XS NEGRO;PP-5095-2;Main Workshop;BASE;3;5095-2
;PP 5095-3 DELUXE GUITAR S NEGRO;PP-5095-3;Main Workshop;BASE;3;5095-3
;PP 5095-4 DELUXE GUITAR M NEGRO;PP-5095-4;Main Workshop;BASE;3;5095-4
;PP 5095-5 DELUXE GUITAR L NEGRO;PP-5095-5;Main Workshop;BASE;3;5095-5
;PP 5095-6 DELUXE GUITAR XL NEGRO;PP-5095-6;Main Workshop;BASE;3;5095-6
;PP 5095-7 DELUXE GUITAR 2XL NEGRO;PP-5095-7;Main Workshop;BASE;3;5095-7
;PP 5095-8 DELUXE GUITAR 3XL NEGRO;PP-5095-8;Main Workshop;BASE;3;5095-8
;PP 5095-9 DELUXE GUITAR 4XL NEGRO;PP-5095-9;Main Workshop;BASE;3;5095-9
;PP 5095-10 DELUXE GUITAR 5XL NEGRO;PP-5095-10;Main Workshop;BASE;3;5095-10
;PP 5095-11 DELUXE GUITAR 2XS BEIGE;PP-5095-11;Main Workshop;BASE;3;5095-11
;PP 5095-12 DELUXE GUITAR XS BEIGE;PP-5095-12;Main Workshop;BASE;3;5095-12
;PP 5095-13 DELUXE GUITAR S BEIGE;PP-5095-13;Main Workshop;BASE;3;5095-13
;PP 5095-14 DELUXE GUITAR M BEIGE;PP-5095-14;Main Workshop;BASE;3;5095-14
;PP 5095-15 DELUXE GUITAR L BEIGE;PP-5095-15;Main Workshop;BASE;3;5095-15
;PP 5095-16 DELUXE GUITAR XL BEIGE;PP-5095-16;Main Workshop;BASE;3;5095-16
;PP 5095-17 DELUXE GUITAR 2XL BEIGE;PP-5095-17;Main Workshop;BASE;3;5095-17
;PP 5095-18 DELUXE GUITAR 3XL BEIGE;PP-5095-18;Main Workshop;BASE;3;5095-18
;PP 5095-19 DELUXE GUITAR 4XL BEIGE;PP-5095-19;Main Workshop;BASE;3;5095-19
;PP 5095-20 DELUXE GUITAR 5XL BEIGE;PP-5095-20;Main Workshop;BASE;3;5095-20
;PP 5095-21 DELUXE GUITAR 2XS COCOA;PP-5095-21;Main Workshop;BASE;3;5095-21
;PP 5095-22 DELUXE GUITAR XS COCOA;PP-5095-22;Main Workshop;BASE;3;5095-22
;PP 5095-23 DELUXE GUITAR S COCOA;PP-5095-23;Main Workshop;BASE;3;5095-23
;PP 5095-24 DELUXE GUITAR M COCOA;PP-5095-24;Main Workshop;BASE;3;5095-24
;PP 5095-25 DELUXE GUITAR L COCOA;PP-5095-25;Main Workshop;BASE;3;5095-25
;PP 5095-26 DELUXE GUITAR XL COCOA;PP-5095-26;Main Workshop;BASE;3;5095-26
;PP 5095-27 DELUXE GUITAR 2XL COCOA;PP-5095-27;Main Workshop;BASE;3;5095-27
;PP 5095-28 DELUXE GUITAR 3XL COCOA;PP-5095-28;Main Workshop;BASE;3;5095-28
;PP 5095-29 DELUXE GUITAR 4XL COCOA;PP-5095-29;Main Workshop;BASE;3;5095-29
;PP 5095-30 DELUXE GUITAR 5XL COCOA;PP-5095-30;Main Workshop;BASE;3;5095-30
;PP 1002E-1 EXCELENCIA SHORT TORSO 2XS NEGRO;PP-1002E-1;Main Workshop;BASE;3;1002E-1
;PP 1002E-2 EXCELENCIA SHORT TORSO XS NEGRO;PP-1002E-2;Main Workshop;BASE;3;1002E-2
;PP 1002E-3 EXCELENCIA SHORT TORSO S NEGRO;PP-1002E-3;Main Workshop;BASE;3;1002E-3
;PP 1002E-4 EXCELENCIA SHORT TORSO M NEGRO;PP-1002E-4;Main Workshop;BASE;3;1002E-4
;PP 1002E-5 EXCELENCIA SHORT TORSO L NEGRO;PP-1002E-5;Main Workshop;BASE;3;1002E-5
;PP 1002E-6 EXCELENCIA SHORT TORSO XL NEGRO;PP-1002E-6;Main Workshop;BASE;3;1002E-6
;PP 1002E-7 EXCELENCIA SHORT TORSO 2XL NEGRO;PP-1002E-7;Main Workshop;BASE;3;1002E-7
;PP 1002E-8 EXCELENCIA SHORT TORSO 3XL NEGRO;PP-1002E-8;Main Workshop;BASE;3;1002E-8
;PP 1002E-9 EXCELENCIA SHORT TORSO 4XL NEGRO;PP-1002E-9;Main Workshop;BASE;3;1002E-9
;PP 1002E-10 EXCELENCIA SHORT TORSO 5XL NEGRO;PP-1002E-10;Main Workshop;BASE;3;1002E-10
;PP 1505-1 VICTORIA ALTO 2XS NEGRO;PP-1505-1;Main Workshop;BASE;3;1505-1
;PP 1505-2 VICTORIA ALTO XS NEGRO;PP-1505-2;Main Workshop;BASE;3;1505-2
;PP 1505-3 VICTORIA ALTO S NEGRO;PP-1505-3;Main Workshop;BASE;3;1505-3
;PP 1505-4 VICTORIA ALTO M NEGRO;PP-1505-4;Main Workshop;BASE;3;1505-4
;PP 1505-5 VICTORIA ALTO L NEGRO;PP-1505-5;Main Workshop;BASE;3;1505-5
;PP 1505-6 VICTORIA ALTO XL NEGRO;PP-1505-6;Main Workshop;BASE;3;1505-6
;PP 1505-7 VICTORIA ALTO 2XL NEGRO;PP-1505-7;Main Workshop;BASE;3;1505-7
;PP 1505-8 VICTORIA ALTO 3XL NEGRO;PP-1505-8;Main Workshop;BASE;3;1505-8
;PP 1505-9 VICTORIA ALTO 4XL NEGRO;PP-1505-9;Main Workshop;BASE;3;1505-9
;PP 1505-10 VICTORIA ALTO 5XL NEGRO;PP-1505-10;Main Workshop;BASE;3;1505-10
;PP 1505-11 VICTORIA ALTO 2XS BEIGE;PP-1505-11;Main Workshop;BASE;3;1505-11
;PP 1505-12 VICTORIA ALTO XS BEIGE;PP-1505-12;Main Workshop;BASE;3;1505-12
;PP 1505-13 VICTORIA ALTO S BEIGE;PP-1505-13;Main Workshop;BASE;3;1505-13
;PP 1505-14 VICTORIA ALTO M BEIGE;PP-1505-14;Main Workshop;BASE;3;1505-14
;PP 1505-15 VICTORIA ALTO L BEIGE;PP-1505-15;Main Workshop;BASE;3;1505-15
;PP 1505-16 VICTORIA ALTO XL BEIGE;PP-1505-16;Main Workshop;BASE;3;1505-16
;PP 1505-17 VICTORIA ALTO 2XL BEIGE;PP-1505-17;Main Workshop;BASE;3;1505-17
;PP 1505-18 VICTORIA ALTO 3XL BEIGE;PP-1505-18;Main Workshop;BASE;3;1505-18
;PP 1505-19 VICTORIA ALTO 4XL BEIGE;PP-1505-19;Main Workshop;BASE;3;1505-19
;PP 1505-20 VICTORIA ALTO 5XL BEIGE;PP-1505-20;Main Workshop;BASE;3;1505-20
;PP 6173-1 MARIETH 2XS COCOA;PP-6173-1;Main Workshop;BASE;3;6173-1
;PP 6173-2 MARIETH XS COCOA;PP-6173-2;Main Workshop;BASE;3;6173-2
;PP 6173-3 MARIETH S COCOA;PP-6173-3;Main Workshop;BASE;3;6173-3
;PP 6173-4 MARIETH M COCOA;PP-6173-4;Main Workshop;BASE;3;6173-4
;PP 6173-5 MARIETH L COCOA;PP-6173-5;Main Workshop;BASE;3;6173-5
;PP 6173-6 MARIETH XL COCOA;PP-6173-6;Main Workshop;BASE;3;6173-6
;PP 6173-7 MARIETH 2XL COCOA;PP-6173-7;Main Workshop;BASE;3;6173-7
;PP 6173-8 MARIETH 3XL COCOA;PP-6173-8;Main Workshop;BASE;3;6173-8
;PP 6173-9 MARIETH 4XL COCOA;PP-6173-9;Main Workshop;BASE;3;6173-9
;PP 6173-10 MARIETH 5XL COCOA;PP-6173-10;Main Workshop;BASE;3;6173-10
;PP 1612-1 SHORT MEDIA PIERNA 2XS NEGRO;PP-1612-1;Main Workshop;BASE;3;1612-1
;PP 1612-2 SHORT MEDIA PIERNA XS NEGRO;PP-1612-2;Main Workshop;BASE;3;1612-2
;PP 1612-3 SHORT MEDIA PIERNA S NEGRO;PP-1612-3;Main Workshop;BASE;3;1612-3
;PP 1612-4 SHORT MEDIA PIERNA M NEGRO;PP-1612-4;Main Workshop;BASE;3;1612-4
;PP 1612-5 SHORT MEDIA PIERNA L NEGRO;PP-1612-5;Main Workshop;BASE;3;1612-5
;PP 1612-6 SHORT MEDIA PIERNA XL NEGRO;PP-1612-6;Main Workshop;BASE;3;1612-6
;PP 1612-7 SHORT MEDIA PIERNA 2XL NEGRO;PP-1612-7;Main Workshop;BASE;3;1612-7
;PP 1612-8 SHORT MEDIA PIERNA 3XL NEGRO;PP-1612-8;Main Workshop;BASE;3;1612-8
;PP 1612-9 SHORT MEDIA PIERNA 4XL NEGRO;PP-1612-9;Main Workshop;BASE;3;1612-9
;PP 1612-10 SHORT MEDIA PIERNA 5XL NEGRO;PP-1612-10;Main Workshop;BASE;3;1612-10
;PP 1612-11 SHORT MEDIA PIERNA 2XS BEIGE;PP-1612-11;Main Workshop;BASE;3;1612-11
;PP 1612-12 SHORT MEDIA PIERNA XS BEIGE;PP-1612-12;Main Workshop;BASE;3;1612-12
;PP 1612-13 SHORT MEDIA PIERNA S BEIGE;PP-1612-13;Main Workshop;BASE;3;1612-13
;PP 1612-14 SHORT MEDIA PIERNA M BEIGE;PP-1612-14;Main Workshop;BASE;3;1612-14
;PP 1612-15 SHORT MEDIA PIERNA L BEIGE;PP-1612-15;Main Workshop;BASE;3;1612-15
;PP 1612-16 SHORT MEDIA PIERNA XL BEIGE;PP-1612-16;Main Workshop;BASE;3;1612-16
;PP 1612-17 SHORT MEDIA PIERNA 2XL BEIGE;PP-1612-17;Main Workshop;BASE;3;1612-17
;PP 1612-18 SHORT MEDIA PIERNA 3XL BEIGE;PP-1612-18;Main Workshop;BASE;3;1612-18
;PP 1612-19 SHORT MEDIA PIERNA 4XL BEIGE;PP-1612-19;Main Workshop;BASE;3;1612-19
;PP 1612-20 SHORT MEDIA PIERNA 5XL BEIGE;PP-1612-20;Main Workshop;BASE;3;1612-20
;PP 1604-1 VIVIANA 2XS NEGRO;PP-1604-1;Main Workshop;BASE;3;1604-1
;PP 1604-2 VIVIANA XS NEGRO;PP-1604-2;Main Workshop;BASE;3;1604-2
;PP 1604-3 VIVIANA S NEGRO;PP-1604-3;Main Workshop;BASE;3;1604-3
;PP 1604-4 VIVIANA M NEGRO;PP-1604-4;Main Workshop;BASE;3;1604-4
;PP 1604-5 VIVIANA L NEGRO;PP-1604-5;Main Workshop;BASE;3;1604-5
;PP 1604-6 VIVIANA XL NEGRO;PP-1604-6;Main Workshop;BASE;3;1604-6
;PP 1604-7 VIVIANA 2XL NEGRO;PP-1604-7;Main Workshop;BASE;3;1604-7
;PP 1604-8 VIVIANA 3XL NEGRO;PP-1604-8;Main Workshop;BASE;3;1604-8
;PP 1604-9 VIVIANA 4XL NEGRO;PP-1604-9;Main Workshop;BASE;3;1604-9
;PP 1604-10 VIVIANA 5XL NEGRO;PP-1604-10;Main Workshop;BASE;3;1604-10
;PP 1064-1 SHANON 2XS NEGRO;PP-1064-1;Main Workshop;BASE;3;1064-1
;PP 1064-2 SHANON XS NEGRO;PP-1064-2;Main Workshop;BASE;3;1064-2
;PP 1064-3 SHANON S NEGRO;PP-1064-3;Main Workshop;BASE;3;1064-3
;PP 1064-4 SHANON M NEGRO;PP-1064-4;Main Workshop;BASE;3;1064-4
;PP 1064-5 SHANON L NEGRO;PP-1064-5;Main Workshop;BASE;3;1064-5
;PP 1064-6 SHANON XL NEGRO;PP-1064-6;Main Workshop;BASE;3;1064-6
;PP 1064-7 SHANON 2XL NEGRO;PP-1064-7;Main Workshop;BASE;3;1064-7
;PP 1064-8 SHANON 3XL NEGRO;PP-1064-8;Main Workshop;BASE;3;1064-8
;PP 1064-9 SHANON 4XL NEGRO;PP-1064-9;Main Workshop;BASE;3;1064-9
;PP 1064-10 SHANON 5XL NEGRO;PP-1064-10;Main Workshop;BASE;3;1064-10
;PP 1064-11 SHANON 2XS BEIGE;PP-1064-11;Main Workshop;BASE;3;1064-11
;PP 1064-12 SHANON XS BEIGE;PP-1064-12;Main Workshop;BASE;3;1064-12
;PP 1064-13 SHANON S BEIGE;PP-1064-13;Main Workshop;BASE;3;1064-13
;PP 1064-14 SHANON M BEIGE;PP-1064-14;Main Workshop;BASE;3;1064-14
;PP 1064-15 SHANON L BEIGE;PP-1064-15;Main Workshop;BASE;3;1064-15
;PP 1064-16 SHANON XL BEIGE;PP-1064-16;Main Workshop;BASE;3;1064-16
;PP 1064-17 SHANON 2XL BEIGE;PP-1064-17;Main Workshop;BASE;3;1064-17
;PP 1064-18 SHANON 3XL BEIGE;PP-1064-18;Main Workshop;BASE;3;1064-18
;PP 1064-19 SHANON 4XL BEIGE;PP-1064-19;Main Workshop;BASE;3;1064-19
;PP 1064-20 SHANON 5XL BEIGE;PP-1064-20;Main Workshop;BASE;3;1064-20
;PP 1506-1 ANTONELLA 2XS BEIGE;PP-1506-1;Main Workshop;BASE;3;1506-1
;PP 1506-2 ANTONELLA XS BEIGE;PP-1506-2;Main Workshop;BASE;3;1506-2
;PP 1506-3 ANTONELLA S BEIGE;PP-1506-3;Main Workshop;BASE;3;1506-3
;PP 1506-4 ANTONELLA M BEIGE;PP-1506-4;Main Workshop;BASE;3;1506-4
;PP 1506-5 ANTONELLA L BEIGE;PP-1506-5;Main Workshop;BASE;3;1506-5
;PP 1506-6 ANTONELLA XL BEIGE;PP-1506-6;Main Workshop;BASE;3;1506-6
;PP 1506-7 ANTONELLA 2XL BEIGE;PP-1506-7;Main Workshop;BASE;3;1506-7
;PP 1506-8 ANTONELLA 3XL BEIGE;PP-1506-8;Main Workshop;BASE;3;1506-8
;PP 1506-9 ANTONELLA 4XL BEIGE;PP-1506-9;Main Workshop;BASE;3;1506-9
;PP 1506-10 ANTONELLA 5XL BEIGE;PP-1506-10;Main Workshop;BASE;3;1506-10
;PP 5031-1 RUTH 2XS NEGRO;PP-5031-1;Main Workshop;BASE;3;5031-1
;PP 5031-2 RUTH XS NEGRO;PP-5031-2;Main Workshop;BASE;3;5031-2
;PP 5031-3 RUTH S NEGRO;PP-5031-3;Main Workshop;BASE;3;5031-3
;PP 5031-4 RUTH M NEGRO;PP-5031-4;Main Workshop;BASE;3;5031-4
;PP 5031-5 RUTH L NEGRO;PP-5031-5;Main Workshop;BASE;3;5031-5
;PP 5031-6 RUTH XL NEGRO;PP-5031-6;Main Workshop;BASE;3;5031-6
;PP 5031-7 RUTH 2XL NEGRO;PP-5031-7;Main Workshop;BASE;3;5031-7
;PP 5031-8 RUTH 3XL NEGRO;PP-5031-8;Main Workshop;BASE;3;5031-8
;PP 5031-9 RUTH 4XL NEGRO;PP-5031-9;Main Workshop;BASE;3;5031-9
;PP 5031-10 RUTH 5XL NEGRO;PP-5031-10;Main Workshop;BASE;3;5031-10
;PP 1061A-1 SENOS LIBRES PANTY 2XS BEIGE;PP-1061A-1;Main Workshop;BASE;3;1061A-1
;PP 1061A-2 SENOS LIBRES PANTY XS BEIGE;PP-1061A-2;Main Workshop;BASE;3;1061A-2
;PP 1061A-3 SENOS LIBRES PANTY S BEIGE;PP-1061A-3;Main Workshop;BASE;3;1061A-3
;PP 1061A-4 SENOS LIBRES PANTY M BEIGE;PP-1061A-4;Main Workshop;BASE;3;1061A-4
;PP 1061A-5 SENOS LIBRES PANTY L BEIGE;PP-1061A-5;Main Workshop;BASE;3;1061A-5
;PP 1061A-6 SENOS LIBRES PANTY XL BEIGE;PP-1061A-6;Main Workshop;BASE;3;1061A-6
;PP 1061A-7 SENOS LIBRES PANTY 2XL BEIGE;PP-1061A-7;Main Workshop;BASE;3;1061A-7
;PP 1061A-8 SENOS LIBRES PANTY 3XL BEIGE;PP-1061A-8;Main Workshop;BASE;3;1061A-8
;PP 1061A-9 SENOS LIBRES PANTY 4XL BEIGE;PP-1061A-9;Main Workshop;BASE;3;1061A-9
;PP 1061A-10 SENOS LIBRES PANTY 5XL BEIGE;PP-1061A-10;Main Workshop;BASE;3;1061A-10
;PP 1016-1 ISABEL 2XS NEGRO;PP-1016-1;Main Workshop;BASE;3;1016-1
;PP 1016-2 ISABEL XS NEGRO;PP-1016-2;Main Workshop;BASE;3;1016-2
;PP 1016-3 ISABEL S NEGRO;PP-1016-3;Main Workshop;BASE;3;1016-3
;PP 1016-4 ISABEL M NEGRO;PP-1016-4;Main Workshop;BASE;3;1016-4
;PP 1016-5 ISABEL L NEGRO;PP-1016-5;Main Workshop;BASE;3;1016-5
;PP 1016-6 ISABEL XL NEGRO;PP-1016-6;Main Workshop;BASE;3;1016-6
;PP 1016-7 ISABEL 2XL NEGRO;PP-1016-7;Main Workshop;BASE;3;1016-7
;PP 1016-8 ISABEL 3XL NEGRO;PP-1016-8;Main Workshop;BASE;3;1016-8
;PP 1016-9 ISABEL 4XL NEGRO;PP-1016-9;Main Workshop;BASE;3;1016-9
;PP 1016-10 ISABEL 5XL NEGRO;PP-1016-10;Main Workshop;BASE;3;1016-10
;PP 5030-1 VIVIS 2XS NEGRO;PP-5030-1;Main Workshop;BASE;3;5030-1
;PP 5030-2 VIVIS XS NEGRO;PP-5030-2;Main Workshop;BASE;3;5030-2
;PP 5030-3 VIVIS S NEGRO;PP-5030-3;Main Workshop;BASE;3;5030-3
;PP 5030-4 VIVIS M NEGRO;PP-5030-4;Main Workshop;BASE;3;5030-4
;PP 5030-5 VIVIS L NEGRO;PP-5030-5;Main Workshop;BASE;3;5030-5
;PP 5030-6 VIVIS XL NEGRO;PP-5030-6;Main Workshop;BASE;3;5030-6
;PP 5030-7 VIVIS 2XL NEGRO;PP-5030-7;Main Workshop;BASE;3;5030-7
;PP 5030-8 VIVIS 3XL NEGRO;PP-5030-8;Main Workshop;BASE;3;5030-8
;PP 5030-9 VIVIS 4XL NEGRO;PP-5030-9;Main Workshop;BASE;3;5030-9
;PP 5030-10 VIVIS 5XL NEGRO;PP-5030-10;Main Workshop;BASE;3;5030-10
;PP 5030-11 VIVIS 2XS BEIGE;PP-5030-11;Main Workshop;BASE;3;5030-11
;PP 5030-12 VIVIS XS BEIGE;PP-5030-12;Main Workshop;BASE;3;5030-12
;PP 5030-13 VIVIS S BEIGE;PP-5030-13;Main Workshop;BASE;3;5030-13
;PP 5030-14 VIVIS M BEIGE;PP-5030-14;Main Workshop;BASE;3;5030-14
;PP 5030-15 VIVIS L BEIGE;PP-5030-15;Main Workshop;BASE;3;5030-15
;PP 5030-16 VIVIS XL BEIGE;PP-5030-16;Main Workshop;BASE;3;5030-16
;PP 5030-17 VIVIS 2XL BEIGE;PP-5030-17;Main Workshop;BASE;3;5030-17
;PP 5030-18 VIVIS 3XL BEIGE;PP-5030-18;Main Workshop;BASE;3;5030-18
;PP 5030-19 VIVIS 4XL BEIGE;PP-5030-19;Main Workshop;BASE;3;5030-19
;PP 5030-20 VIVIS 5XL BEIGE;PP-5030-20;Main Workshop;BASE;3;5030-20
;PP 1503-1 LUNA 2XS NEGRO;PP-1503-1;Main Workshop;BASE;3;1503-1
;PP 1503-2 LUNA XS NEGRO;PP-1503-2;Main Workshop;BASE;3;1503-2
;PP 1503-3 LUNA S NEGRO;PP-1503-3;Main Workshop;BASE;3;1503-3
;PP 1503-4 LUNA M NEGRO;PP-1503-4;Main Workshop;BASE;3;1503-4
;PP 1503-5 LUNA L NEGRO;PP-1503-5;Main Workshop;BASE;3;1503-5
;PP 1503-6 LUNA XL NEGRO;PP-1503-6;Main Workshop;BASE;3;1503-6
;PP 1503-7 LUNA 2XL NEGRO;PP-1503-7;Main Workshop;BASE;3;1503-7
;PP 1503-8 LUNA 3XL NEGRO;PP-1503-8;Main Workshop;BASE;3;1503-8
;PP 1503-9 LUNA 4XL NEGRO;PP-1503-9;Main Workshop;BASE;3;1503-9
;PP 1503-10 LUNA 5XL NEGRO;PP-1503-10;Main Workshop;BASE;3;1503-10
;PP 1503-11 LUNA 2XS BEIGE;PP-1503-11;Main Workshop;BASE;3;1503-11
;PP 1503-12 LUNA XS BEIGE;PP-1503-12;Main Workshop;BASE;3;1503-12
;PP 1503-13 LUNA S BEIGE;PP-1503-13;Main Workshop;BASE;3;1503-13
;PP 1503-14 LUNA M BEIGE;PP-1503-14;Main Workshop;BASE;3;1503-14
;PP 1503-15 LUNA L BEIGE;PP-1503-15;Main Workshop;BASE;3;1503-15
;PP 1503-16 LUNA XL BEIGE;PP-1503-16;Main Workshop;BASE;3;1503-16
;PP 1503-17 LUNA 2XL BEIGE;PP-1503-17;Main Workshop;BASE;3;1503-17
;PP 1503-18 LUNA 3XL BEIGE;PP-1503-18;Main Workshop;BASE;3;1503-18
;PP 1503-19 LUNA 4XL BEIGE;PP-1503-19;Main Workshop;BASE;3;1503-19
;PP 1503-20 LUNA 5XL BEIGE;PP-1503-20;Main Workshop;BASE;3;1503-20
;PP 1034A-1 EXCELENCIA DELUXE 2XS ROSA PASTEL;PP-1034A-1;Main Workshop;BASE;3;1034A-1
;PP 1034A-2 EXCELENCIA DELUXE XS ROSA PASTEL;PP-1034A-2;Main Workshop;BASE;3;1034A-2
;PP 1034A-3 EXCELENCIA DELUXE S ROSA PASTEL;PP-1034A-3;Main Workshop;BASE;3;1034A-3
;PP 1034A-4 EXCELENCIA DELUXE M ROSA PASTEL;PP-1034A-4;Main Workshop;BASE;3;1034A-4
;PP 1034A-5 EXCELENCIA DELUXE L ROSA PASTEL;PP-1034A-5;Main Workshop;BASE;3;1034A-5
;PP 1034A-6 EXCELENCIA DELUXE XL ROSA PASTEL;PP-1034A-6;Main Workshop;BASE;3;1034A-6
;PP 1034A-7 EXCELENCIA DELUXE 2XL ROSA PASTEL;PP-1034A-7;Main Workshop;BASE;3;1034A-7
;PP 1034A-8 EXCELENCIA DELUXE 3XL ROSA PASTEL;PP-1034A-8;Main Workshop;BASE;3;1034A-8
;PP 1034A-9 EXCELENCIA DELUXE 4XL ROSA PASTEL;PP-1034A-9;Main Workshop;BASE;3;1034A-9
;PP 1034A-10 EXCELENCIA DELUXE 5XL ROSA PASTEL;PP-1034A-10;Main Workshop;BASE;3;1034A-10
;PP 1034B-1 EXCELENCIA DELUXE 2XS ROSA PASTEL;PP-1034B-1;Main Workshop;BASE;3;1034B-1
;PP 1034B-2 EXCELENCIA DELUXE XS ROSA PASTEL;PP-1034B-2;Main Workshop;BASE;3;1034B-2
;PP 1034B-3 EXCELENCIA DELUXE S ROSA PASTEL;PP-1034B-3;Main Workshop;BASE;3;1034B-3
;PP 1034B-4 EXCELENCIA DELUXE M ROSA PASTEL;PP-1034B-4;Main Workshop;BASE;3;1034B-4
;PP 1034B-5 EXCELENCIA DELUXE L ROSA PASTEL;PP-1034B-5;Main Workshop;BASE;3;1034B-5
;PP 1034B-6 EXCELENCIA DELUXE XL ROSA PASTEL;PP-1034B-6;Main Workshop;BASE;3;1034B-6
;PP 1034B-7 EXCELENCIA DELUXE 2XL ROSA PASTEL;PP-1034B-7;Main Workshop;BASE;3;1034B-7
;PP 1034B-8 EXCELENCIA DELUXE 3XL ROSA PASTEL;PP-1034B-8;Main Workshop;BASE;3;1034B-8
;PP 1034B-9 EXCELENCIA DELUXE 4XL ROSA PASTEL;PP-1034B-9;Main Workshop;BASE;3;1034B-9
;PP 1034B-10 EXCELENCIA DELUXE 5XL ROSA PASTEL;PP-1034B-10;Main Workshop;BASE;3;1034B-10
;PP 1566-1 MAGIC 2XS COCOA;PP-1566-1;Main Workshop;BASE;3;1566-1
;PP 1566-2 MAGIC XS COCOA;PP-1566-2;Main Workshop;BASE;3;1566-2
;PP 1566-3 MAGIC S COCOA;PP-1566-3;Main Workshop;BASE;3;1566-3
;PP 1566-4 MAGIC M COCOA;PP-1566-4;Main Workshop;BASE;3;1566-4
;PP 1566-5 MAGIC L COCOA;PP-1566-5;Main Workshop;BASE;3;1566-5
;PP 1566-6 MAGIC XL COCOA;PP-1566-6;Main Workshop;BASE;3;1566-6
;PP 1566-7 MAGIC 2XL COCOA;PP-1566-7;Main Workshop;BASE;3;1566-7
;PP 1566-8 MAGIC 3XL COCOA;PP-1566-8;Main Workshop;BASE;3;1566-8
;PP 1566-9 MAGIC 4XL COCOA;PP-1566-9;Main Workshop;BASE;3;1566-9
;PP 1566-10 MAGIC 5XL COCOA;PP-1566-10;Main Workshop;BASE;3;1566-10
;PP 5040-1 RACHEL 2XS NEGRO;PP-5040-1;Main Workshop;BASE;3;5040-1
;PP 5040-2 RACHEL XS NEGRO;PP-5040-2;Main Workshop;BASE;3;5040-2
;PP 5040-3 RACHEL S NEGRO;PP-5040-3;Main Workshop;BASE;3;5040-3
;PP 5040-4 RACHEL M NEGRO;PP-5040-4;Main Workshop;BASE;3;5040-4
;PP 5040-5 RACHEL L NEGRO;PP-5040-5;Main Workshop;BASE;3;5040-5
;PP 5040-6 RACHEL XL NEGRO;PP-5040-6;Main Workshop;BASE;3;5040-6
;PP 5040-7 RACHEL 2XL NEGRO;PP-5040-7;Main Workshop;BASE;3;5040-7
;PP 5040-8 RACHEL 3XL NEGRO;PP-5040-8;Main Workshop;BASE;3;5040-8
;PP 5040-9 RACHEL 4XL NEGRO;PP-5040-9;Main Workshop;BASE;3;5040-9
;PP 5040-10 RACHEL 5XL NEGRO;PP-5040-10;Main Workshop;BASE;3;5040-10
;PP 5040-11 RACHEL 2XS BEIGE;PP-5040-11;Main Workshop;BASE;3;5040-11
;PP 5040-12 RACHEL XS BEIGE;PP-5040-12;Main Workshop;BASE;3;5040-12
;PP 5040-13 RACHEL S BEIGE;PP-5040-13;Main Workshop;BASE;3;5040-13
;PP 5040-14 RACHEL M BEIGE;PP-5040-14;Main Workshop;BASE;3;5040-14
;PP 5040-15 RACHEL L BEIGE;PP-5040-15;Main Workshop;BASE;3;5040-15
;PP 5040-16 RACHEL XL BEIGE;PP-5040-16;Main Workshop;BASE;3;5040-16
;PP 5040-17 RACHEL 2XL BEIGE;PP-5040-17;Main Workshop;BASE;3;5040-17
;PP 5040-18 RACHEL 3XL BEIGE;PP-5040-18;Main Workshop;BASE;3;5040-18
;PP 5040-19 RACHEL 4XL BEIGE;PP-5040-19;Main Workshop;BASE;3;5040-19
;PP 5040-20 RACHEL 5XL BEIGE;PP-5040-20;Main Workshop;BASE;3;5040-20
;PP 1006-1 ULTRACINTURA 2XS NEGRO;PP-1006-1;Main Workshop;BASE;3;1006-1
;PP 1006-2 ULTRACINTURA XS NEGRO;PP-1006-2;Main Workshop;BASE;3;1006-2
;PP 1006-3 ULTRACINTURA S NEGRO;PP-1006-3;Main Workshop;BASE;3;1006-3
;PP 1006-4 ULTRACINTURA M NEGRO;PP-1006-4;Main Workshop;BASE;3;1006-4
;PP 1006-5 ULTRACINTURA L NEGRO;PP-1006-5;Main Workshop;BASE;3;1006-5
;PP 1006-6 ULTRACINTURA XL NEGRO;PP-1006-6;Main Workshop;BASE;3;1006-6
;PP 1006-7 ULTRACINTURA 2XL NEGRO;PP-1006-7;Main Workshop;BASE;3;1006-7
;PP 1006-8 ULTRACINTURA 3XL NEGRO;PP-1006-8;Main Workshop;BASE;3;1006-8
;PP 1006-9 ULTRACINTURA 4XL NEGRO;PP-1006-9;Main Workshop;BASE;3;1006-9
;PP 1006-10 ULTRACINTURA 5XL NEGRO;PP-1006-10;Main Workshop;BASE;3;1006-10
;PP 1006-11 ULTRACINTURA 2XS BEIGE;PP-1006-11;Main Workshop;BASE;3;1006-11
;PP 1006-12 ULTRACINTURA XS BEIGE;PP-1006-12;Main Workshop;BASE;3;1006-12
;PP 1006-13 ULTRACINTURA S BEIGE;PP-1006-13;Main Workshop;BASE;3;1006-13
;PP 1006-14 ULTRACINTURA M BEIGE;PP-1006-14;Main Workshop;BASE;3;1006-14
;PP 1006-15 ULTRACINTURA L BEIGE;PP-1006-15;Main Workshop;BASE;3;1006-15
;PP 1006-16 ULTRACINTURA XL BEIGE;PP-1006-16;Main Workshop;BASE;3;1006-16
;PP 1006-17 ULTRACINTURA 2XL BEIGE;PP-1006-17;Main Workshop;BASE;3;1006-17
;PP 1006-18 ULTRACINTURA 3XL BEIGE;PP-1006-18;Main Workshop;BASE;3;1006-18
;PP 1006-19 ULTRACINTURA 4XL BEIGE;PP-1006-19;Main Workshop;BASE;3;1006-19
;PP 1006-20 ULTRACINTURA 5XL BEIGE;PP-1006-20;Main Workshop;BASE;3;1006-20
;PP 5036-1 JOSEFINA 2XS NEGRO;PP-5036-1;Main Workshop;BASE;3;5036-1
;PP 5036-2 JOSEFINA XS NEGRO;PP-5036-2;Main Workshop;BASE;3;5036-2
;PP 5036-3 JOSEFINA S NEGRO;PP-5036-3;Main Workshop;BASE;3;5036-3
;PP 5036-4 JOSEFINA M NEGRO;PP-5036-4;Main Workshop;BASE;3;5036-4
;PP 5036-5 JOSEFINA L NEGRO;PP-5036-5;Main Workshop;BASE;3;5036-5
;PP 5036-6 JOSEFINA XL NEGRO;PP-5036-6;Main Workshop;BASE;3;5036-6
;PP 5036-7 JOSEFINA 2XL NEGRO;PP-5036-7;Main Workshop;BASE;3;5036-7
;PP 5036-8 JOSEFINA 3XL NEGRO;PP-5036-8;Main Workshop;BASE;3;5036-8
;PP 5036-9 JOSEFINA 4XL NEGRO;PP-5036-9;Main Workshop;BASE;3;5036-9
;PP 5036-10 JOSEFINA 5XL NEGRO;PP-5036-10;Main Workshop;BASE;3;5036-10
;PP 5036-11 JOSEFINA 2XS BEIGE;PP-5036-11;Main Workshop;BASE;3;5036-11
;PP 5036-12 JOSEFINA XS BEIGE;PP-5036-12;Main Workshop;BASE;3;5036-12
;PP 5036-13 JOSEFINA S BEIGE;PP-5036-13;Main Workshop;BASE;3;5036-13
;PP 5036-14 JOSEFINA M BEIGE;PP-5036-14;Main Workshop;BASE;3;5036-14
;PP 5036-15 JOSEFINA L BEIGE;PP-5036-15;Main Workshop;BASE;3;5036-15
;PP 5036-16 JOSEFINA XL BEIGE;PP-5036-16;Main Workshop;BASE;3;5036-16
;PP 5036-17 JOSEFINA 2XL BEIGE;PP-5036-17;Main Workshop;BASE;3;5036-17
;PP 5036-18 JOSEFINA 3XL BEIGE;PP-5036-18;Main Workshop;BASE;3;5036-18
;PP 5036-19 JOSEFINA 4XL BEIGE;PP-5036-19;Main Workshop;BASE;3;5036-19
;PP 5036-20 JOSEFINA 5XL BEIGE;PP-5036-20;Main Workshop;BASE;3;5036-20
;PP 3001-1 GENESIS 2XS NEGRO;PP-3001-1;Main Workshop;BASE;3;3001-1
;PP 3001-2 GENESIS XS NEGRO;PP-3001-2;Main Workshop;BASE;3;3001-2
;PP 3001-3 GENESIS S NEGRO;PP-3001-3;Main Workshop;BASE;3;3001-3
;PP 3001-4 GENESIS M NEGRO;PP-3001-4;Main Workshop;BASE;3;3001-4
;PP 3001-5 GENESIS L NEGRO;PP-3001-5;Main Workshop;BASE;3;3001-5
;PP 3001-6 GENESIS XL NEGRO;PP-3001-6;Main Workshop;BASE;3;3001-6
;PP 3001-7 GENESIS 2XL NEGRO;PP-3001-7;Main Workshop;BASE;3;3001-7
;PP 3001-8 GENESIS 3XL NEGRO;PP-3001-8;Main Workshop;BASE;3;3001-8
;PP 3001-9 GENESIS 4XL NEGRO;PP-3001-9;Main Workshop;BASE;3;3001-9
;PP 3001-10 GENESIS 5XL NEGRO;PP-3001-10;Main Workshop;BASE;3;3001-10
;PP 9451-1 MARILYN 2XS NEGRO;PP-9451-1;Main Workshop;BASE;3;9451-1
;PP 9451-2 MARILYN XS NEGRO;PP-9451-2;Main Workshop;BASE;3;9451-2
;PP 9451-3 MARILYN S NEGRO;PP-9451-3;Main Workshop;BASE;3;9451-3
;PP 9451-4 MARILYN M NEGRO;PP-9451-4;Main Workshop;BASE;3;9451-4
;PP 9451-5 MARILYN L NEGRO;PP-9451-5;Main Workshop;BASE;3;9451-5
;PP 9451-6 MARILYN XL NEGRO;PP-9451-6;Main Workshop;BASE;3;9451-6
;PP 9451-7 MARILYN 2XL NEGRO;PP-9451-7;Main Workshop;BASE;3;9451-7
;PP 9451-8 MARILYN 3XL NEGRO;PP-9451-8;Main Workshop;BASE;3;9451-8
;PP 9451-9 MARILYN 4XL NEGRO;PP-9451-9;Main Workshop;BASE;3;9451-9
;PP 9451-10 MARILYN 5XL NEGRO;PP-9451-10;Main Workshop;BASE;3;9451-10
;PP 9461-1 HEIDY 2XS NEGRO;PP-9461-1;Main Workshop;BASE;3;9461-1
;PP 9461-2 HEIDY XS NEGRO;PP-9461-2;Main Workshop;BASE;3;9461-2
;PP 9461-3 HEIDY S NEGRO;PP-9461-3;Main Workshop;BASE;3;9461-3
;PP 9461-4 HEIDY M NEGRO;PP-9461-4;Main Workshop;BASE;3;9461-4
;PP 9461-5 HEIDY L NEGRO;PP-9461-5;Main Workshop;BASE;3;9461-5
;PP 9461-6 HEIDY XL NEGRO;PP-9461-6;Main Workshop;BASE;3;9461-6
;PP 9461-7 HEIDY 2XL NEGRO;PP-9461-7;Main Workshop;BASE;3;9461-7
;PP 9461-8 HEIDY 3XL NEGRO;PP-9461-8;Main Workshop;BASE;3;9461-8
;PP 9461-9 HEIDY 4XL NEGRO;PP-9461-9;Main Workshop;BASE;3;9461-9
;PP 9461-10 HEIDY 5XL NEGRO;PP-9461-10;Main Workshop;BASE;3;9461-10
;PP FP1006-1 CINTURILLA ULTRA 2XS COCOA;PP-FP1006-1;Main Workshop;BASE;3;FP1006-1
;PP FP1006-2 CINTURILLA ULTRA XS COCOA;PP-FP1006-2;Main Workshop;BASE;3;FP1006-2
;PP FP1006-3 CINTURILLA ULTRA S COCOA;PP-FP1006-3;Main Workshop;BASE;3;FP1006-3
;PP FP1006-4 CINTURILLA ULTRA M COCOA;PP-FP1006-4;Main Workshop;BASE;3;FP1006-4
;PP FP1006-5 CINTURILLA ULTRA L COCOA;PP-FP1006-5;Main Workshop;BASE;3;FP1006-5
;PP FP1006-6 CINTURILLA ULTRA XL COCOA;PP-FP1006-6;Main Workshop;BASE;3;FP1006-6
;PP FP1006-7 CINTURILLA ULTRA 2XL COCOA;PP-FP1006-7;Main Workshop;BASE;3;FP1006-7
;PP FP1006-8 CINTURILLA ULTRA 3XL COCOA;PP-FP1006-8;Main Workshop;BASE;3;FP1006-8
;PP FP1006-9 CINTURILLA ULTRA 4XL COCOA;PP-FP1006-9;Main Workshop;BASE;3;FP1006-9
;PP FP1006-10 CINTURILLA ULTRA 5XL COCOA;PP-FP1006-10;Main Workshop;BASE;3;FP1006-10
;PP 6015-1 HAVAH 2XS COCOA;PP-6015-1;Main Workshop;BASE;3;6015-1
;PP 6015-2 HAVAH XS COCOA;PP-6015-2;Main Workshop;BASE;3;6015-2
;PP 6015-3 HAVAH S COCOA;PP-6015-3;Main Workshop;BASE;3;6015-3
;PP 6015-4 HAVAH M COCOA;PP-6015-4;Main Workshop;BASE;3;6015-4
;PP 6015-5 HAVAH L COCOA;PP-6015-5;Main Workshop;BASE;3;6015-5
;PP 6015-6 HAVAH XL COCOA;PP-6015-6;Main Workshop;BASE;3;6015-6
;PP 6015-7 HAVAH 2XL COCOA;PP-6015-7;Main Workshop;BASE;3;6015-7
;PP 6015-8 HAVAH 3XL COCOA;PP-6015-8;Main Workshop;BASE;3;6015-8
;PP 6015-9 HAVAH 4XL COCOA;PP-6015-9;Main Workshop;BASE;3;6015-9
;PP 6015-10 HAVAH 5XL COCOA;PP-6015-10;Main Workshop;BASE;3;6015-10
;PP FP6015-1 HAVAT 2XS COCOA;PP-FP6015-1;Main Workshop;BASE;3;FP6015-1
;PP FP6015-2 HAVAT XS COCOA;PP-FP6015-2;Main Workshop;BASE;3;FP6015-2
;PP FP6015-3 HAVAT S COCOA;PP-FP6015-3;Main Workshop;BASE;3;FP6015-3
;PP FP6015-4 HAVAT M COCOA;PP-FP6015-4;Main Workshop;BASE;3;FP6015-4
;PP FP6015-5 HAVAT L COCOA;PP-FP6015-5;Main Workshop;BASE;3;FP6015-5
;PP FP6015-6 HAVAT XL COCOA;PP-FP6015-6;Main Workshop;BASE;3;FP6015-6
;PP FP6015-7 HAVAT 2XL COCOA;PP-FP6015-7;Main Workshop;BASE;3;FP6015-7
;PP FP6015-8 HAVAT 3XL COCOA;PP-FP6015-8;Main Workshop;BASE;3;FP6015-8
;PP FP6015-9 HAVAT 4XL COCOA;PP-FP6015-9;Main Workshop;BASE;3;FP6015-9
;PP FP6015-10 HAVAT 5XL COCOA;PP-FP6015-10;Main Workshop;BASE;3;FP6015-10
;PP 6147-1 VIOLETA 2XS COCOA;PP-6147-1;Main Workshop;BASE;3;6147-1
;PP 6147-2 VIOLETA XS COCOA;PP-6147-2;Main Workshop;BASE;3;6147-2
;PP 6147-3 VIOLETA S COCOA;PP-6147-3;Main Workshop;BASE;3;6147-3
;PP 6147-4 VIOLETA M COCOA;PP-6147-4;Main Workshop;BASE;3;6147-4
;PP 6147-5 VIOLETA L COCOA;PP-6147-5;Main Workshop;BASE;3;6147-5
;PP 6147-6 VIOLETA XL COCOA;PP-6147-6;Main Workshop;BASE;3;6147-6
;PP 6147-7 VIOLETA 2XL COCOA;PP-6147-7;Main Workshop;BASE;3;6147-7
;PP 6147-8 VIOLETA 3XL COCOA;PP-6147-8;Main Workshop;BASE;3;6147-8
;PP 6147-9 VIOLETA 4XL COCOA;PP-6147-9;Main Workshop;BASE;3;6147-9
;PP 6147-10 VIOLETA 5XL COCOA;PP-6147-10;Main Workshop;BASE;3;6147-10
;PP 1309-1 CRYSTAL 2XS ROSA PASTEL;PP-1309-1;Main Workshop;BASE;3;1309-1
;PP 1309-2 CRYSTAL XS ROSA PASTEL;PP-1309-2;Main Workshop;BASE;3;1309-2
;PP 1309-3 CRYSTAL S ROSA PASTEL;PP-1309-3;Main Workshop;BASE;3;1309-3
;PP 1309-4 CRYSTAL M ROSA PASTEL;PP-1309-4;Main Workshop;BASE;3;1309-4
;PP 1309-5 CRYSTAL L ROSA PASTEL;PP-1309-5;Main Workshop;BASE;3;1309-5
;PP 1309-6 CRYSTAL XL ROSA PASTEL;PP-1309-6;Main Workshop;BASE;3;1309-6
;PP 1309-7 CRYSTAL 2XL ROSA PASTEL;PP-1309-7;Main Workshop;BASE;3;1309-7
;PP 1309-8 CRYSTAL 3XL ROSA PASTEL;PP-1309-8;Main Workshop;BASE;3;1309-8
;PP 1309-9 CRYSTAL 4XL ROSA PASTEL;PP-1309-9;Main Workshop;BASE;3;1309-9
;PP 1309-10 CRYSTAL 5XL ROSA PASTEL;PP-1309-10;Main Workshop;BASE;3;1309-10
;PP 1309-11 CRYSTAL 2XS DURAZNO;PP-1309-11;Main Workshop;BASE;3;1309-11
;PP 1309-12 CRYSTAL XS DURAZNO;PP-1309-12;Main Workshop;BASE;3;1309-12
;PP 1309-13 CRYSTAL S DURAZNO;PP-1309-13;Main Workshop;BASE;3;1309-13
;PP 1309-14 CRYSTAL M DURAZNO;PP-1309-14;Main Workshop;BASE;3;1309-14
;PP 1309-15 CRYSTAL L DURAZNO;PP-1309-15;Main Workshop;BASE;3;1309-15
;PP 1309-16 CRYSTAL XL DURAZNO;PP-1309-16;Main Workshop;BASE;3;1309-16
;PP 1309-17 CRYSTAL 2XL DURAZNO;PP-1309-17;Main Workshop;BASE;3;1309-17
;PP 1309-18 CRYSTAL 3XL DURAZNO;PP-1309-18;Main Workshop;BASE;3;1309-18
;PP 1309-19 CRYSTAL 4XL DURAZNO;PP-1309-19;Main Workshop;BASE;3;1309-19
;PP 1309-20 CRYSTAL 5XL DURAZNO;PP-1309-20;Main Workshop;BASE;3;1309-20
;PP 1310-1 CRYSTAL LARGA 2XS ROSA PASTEL;PP-1310-1;Main Workshop;BASE;3;1310-1
;PP 1310-2 CRYSTAL LARGA XS ROSA PASTEL;PP-1310-2;Main Workshop;BASE;3;1310-2
;PP 1310-3 CRYSTAL LARGA S ROSA PASTEL;PP-1310-3;Main Workshop;BASE;3;1310-3
;PP 1310-4 CRYSTAL LARGA M ROSA PASTEL;PP-1310-4;Main Workshop;BASE;3;1310-4
;PP 1310-5 CRYSTAL LARGA L ROSA PASTEL;PP-1310-5;Main Workshop;BASE;3;1310-5
;PP 1310-6 CRYSTAL LARGA XL ROSA PASTEL;PP-1310-6;Main Workshop;BASE;3;1310-6
;PP 1310-7 CRYSTAL LARGA 2XL ROSA PASTEL;PP-1310-7;Main Workshop;BASE;3;1310-7
;PP 1310-8 CRYSTAL LARGA 3XL ROSA PASTEL;PP-1310-8;Main Workshop;BASE;3;1310-8
;PP 1310-9 CRYSTAL LARGA 4XL ROSA PASTEL;PP-1310-9;Main Workshop;BASE;3;1310-9
;PP 1310-10 CRYSTAL LARGA 5XL ROSA PASTEL;PP-1310-10;Main Workshop;BASE;3;1310-10
;PP 9551-1 SELENA 2XS NEGRO;PP-9551-1;Main Workshop;BASE;3;9551-1
;PP 9551-2 SELENA XS NEGRO;PP-9551-2;Main Workshop;BASE;3;9551-2
;PP 9551-3 SELENA S NEGRO;PP-9551-3;Main Workshop;BASE;3;9551-3
;PP 9551-4 SELENA M NEGRO;PP-9551-4;Main Workshop;BASE;3;9551-4
;PP 9551-5 SELENA L NEGRO;PP-9551-5;Main Workshop;BASE;3;9551-5
;PP 9551-6 SELENA XL NEGRO;PP-9551-6;Main Workshop;BASE;3;9551-6
;PP 9551-7 SELENA 2XL NEGRO;PP-9551-7;Main Workshop;BASE;3;9551-7
;PP 9551-8 SELENA 3XL NEGRO;PP-9551-8;Main Workshop;BASE;3;9551-8
;PP 9551-9 SELENA 4XL NEGRO;PP-9551-9;Main Workshop;BASE;3;9551-9
;PP 9551-10 SELENA 5XL NEGRO;PP-9551-10;Main Workshop;BASE;3;9551-10
;PP 9561-1 JAIDEN 2XS NEGRO;PP-9561-1;Main Workshop;BASE;3;9561-1
;PP 9561-2 JAIDEN XS NEGRO;PP-9561-2;Main Workshop;BASE;3;9561-2
;PP 9561-3 JAIDEN S NEGRO;PP-9561-3;Main Workshop;BASE;3;9561-3
;PP 9561-4 JAIDEN M NEGRO;PP-9561-4;Main Workshop;BASE;3;9561-4
;PP 9561-5 JAIDEN L NEGRO;PP-9561-5;Main Workshop;BASE;3;9561-5
;PP 9561-6 JAIDEN XL NEGRO;PP-9561-6;Main Workshop;BASE;3;9561-6
;PP 9561-7 JAIDEN 2XL NEGRO;PP-9561-7;Main Workshop;BASE;3;9561-7
;PP 9561-8 JAIDEN 3XL NEGRO;PP-9561-8;Main Workshop;BASE;3;9561-8
;PP 9561-9 JAIDEN 4XL NEGRO;PP-9561-9;Main Workshop;BASE;3;9561-9
;PP 9561-10 JAIDEN 5XL NEGRO;PP-9561-10;Main Workshop;BASE;3;9561-10
;PP 1532-1 LEONOR 2XS NEGRO;PP-1532-1;Main Workshop;BASE;3;1532-1
;PP 1532-2 LEONOR XS NEGRO;PP-1532-2;Main Workshop;BASE;3;1532-2
;PP 1532-3 LEONOR S NEGRO;PP-1532-3;Main Workshop;BASE;3;1532-3
;PP 1532-4 LEONOR M NEGRO;PP-1532-4;Main Workshop;BASE;3;1532-4
;PP 1532-5 LEONOR L NEGRO;PP-1532-5;Main Workshop;BASE;3;1532-5
;PP 1532-6 LEONOR XL NEGRO;PP-1532-6;Main Workshop;BASE;3;1532-6
;PP 1532-7 LEONOR 2XL NEGRO;PP-1532-7;Main Workshop;BASE;3;1532-7
;PP 1532-8 LEONOR 3XL NEGRO;PP-1532-8;Main Workshop;BASE;3;1532-8
;PP 1532-9 LEONOR 4XL NEGRO;PP-1532-9;Main Workshop;BASE;3;1532-9
;PP 1532-10 LEONOR 5XL NEGRO;PP-1532-10;Main Workshop;BASE;3;1532-10
;PP 1532-11 LEONOR 2XS BEIGE;PP-1532-11;Main Workshop;BASE;3;1532-11
;PP 1532-12 LEONOR XS BEIGE;PP-1532-12;Main Workshop;BASE;3;1532-12
;PP 1532-13 LEONOR S BEIGE;PP-1532-13;Main Workshop;BASE;3;1532-13
;PP 1532-14 LEONOR M BEIGE;PP-1532-14;Main Workshop;BASE;3;1532-14
;PP 1532-15 LEONOR L BEIGE;PP-1532-15;Main Workshop;BASE;3;1532-15
;PP 1532-16 LEONOR XL BEIGE;PP-1532-16;Main Workshop;BASE;3;1532-16
;PP 1532-17 LEONOR 2XL BEIGE;PP-1532-17;Main Workshop;BASE;3;1532-17
;PP 1532-18 LEONOR 3XL BEIGE;PP-1532-18;Main Workshop;BASE;3;1532-18
;PP 1532-19 LEONOR 4XL BEIGE;PP-1532-19;Main Workshop;BASE;3;1532-19
;PP 1532-20 LEONOR 5XL BEIGE;PP-1532-20;Main Workshop;BASE;3;1532-20
;PP 1063-1 AYDE XS NEGRO;PP-1063-1;Main Workshop;BASE;3;1063-1
;PP 1063-2 AYDE S NEGRO;PP-1063-2;Main Workshop;BASE;3;1063-2
;PP 1063-3 AYDE M NEGRO;PP-1063-3;Main Workshop;BASE;3;1063-3
;PP 1063-4 AYDE L NEGRO;PP-1063-4;Main Workshop;BASE;3;1063-4
;PP 1063-5 AYDE XL NEGRO;PP-1063-5;Main Workshop;BASE;3;1063-5
;PP 1063-6 AYDE 2XL NEGRO;PP-1063-6;Main Workshop;BASE;3;1063-6
;PP 1063-7 AYDE 3XL NEGRO;PP-1063-7;Main Workshop;BASE;3;1063-7
;PP 1063-8 AYDE 4XL NEGRO;PP-1063-8;Main Workshop;BASE;3;1063-8
;PP 1063-9 AYDE 5XL NEGRO;PP-1063-9;Main Workshop;BASE;3;1063-9
;PP 1063-10 AYDE 2XS BEIGE;PP-1063-10;Main Workshop;BASE;3;1063-10
;PP 1063-11 AYDE XS BEIGE;PP-1063-11;Main Workshop;BASE;3;1063-11
;PP 1063-12 AYDE S BEIGE;PP-1063-12;Main Workshop;BASE;3;1063-12
;PP 1063-13 AYDE M BEIGE;PP-1063-13;Main Workshop;BASE;3;1063-13
;PP 1063-14 AYDE L BEIGE;PP-1063-14;Main Workshop;BASE;3;1063-14
;PP 1063-15 AYDE XL BEIGE;PP-1063-15;Main Workshop;BASE;3;1063-15
;PP 1063-16 AYDE 2XL BEIGE;PP-1063-16;Main Workshop;BASE;3;1063-16
;PP 1063-17 AYDE 3XL BEIGE;PP-1063-17;Main Workshop;BASE;3;1063-17
;PP 1063-18 AYDE 4XL BEIGE;PP-1063-18;Main Workshop;BASE;3;1063-18
;PP 1063-19 AYDE 5XL BEIGE;PP-1063-19;Main Workshop;BASE;3;1063-19
;PP 9175-1 ARENA 2XS NEGRO;PP-9175-1;Main Workshop;BASE;3;9175-1
;PP 9175-2 ARENA XS NEGRO;PP-9175-2;Main Workshop;BASE;3;9175-2
;PP 9175-3 ARENA S NEGRO;PP-9175-3;Main Workshop;BASE;3;9175-3
;PP 9175-4 ARENA M NEGRO;PP-9175-4;Main Workshop;BASE;3;9175-4
;PP 9175-5 ARENA L NEGRO;PP-9175-5;Main Workshop;BASE;3;9175-5
;PP 9175-6 ARENA XL NEGRO;PP-9175-6;Main Workshop;BASE;3;9175-6
;PP 9175-7 ARENA 2XL NEGRO;PP-9175-7;Main Workshop;BASE;3;9175-7
;PP 9175-8 ARENA 3XL NEGRO;PP-9175-8;Main Workshop;BASE;3;9175-8
;PP 9175-9 ARENA 4XL NEGRO;PP-9175-9;Main Workshop;BASE;3;9175-9
;PP 9175-10 ARENA 5XL NEGRO;PP-9175-10;Main Workshop;BASE;3;9175-10
;PP SF1513-1 KISS 2XS ROSA PASTEL;PP-SF1513-1;Main Workshop;BASE;3;SF1513-1
;PP SF1513-2 KISS XS ROSA PASTEL;PP-SF1513-2;Main Workshop;BASE;3;SF1513-2
;PP SF1513-3 KISS S ROSA PASTEL;PP-SF1513-3;Main Workshop;BASE;3;SF1513-3
;PP SF1513-4 KISS M ROSA PASTEL;PP-SF1513-4;Main Workshop;BASE;3;SF1513-4
;PP SF1513-5 KISS L ROSA PASTEL;PP-SF1513-5;Main Workshop;BASE;3;SF1513-5
;PP SF1513-6 KISS XL ROSA PASTEL;PP-SF1513-6;Main Workshop;BASE;3;SF1513-6
;PP SF1513-7 KISS 2XL ROSA PASTEL;PP-SF1513-7;Main Workshop;BASE;3;SF1513-7
;PP SF1513-8 KISS 3XL ROSA PASTEL;PP-SF1513-8;Main Workshop;BASE;3;SF1513-8
;PP SF1513-9 KISS 4XL ROSA PASTEL;PP-SF1513-9;Main Workshop;BASE;3;SF1513-9
;PP SF1513-10 KISS 5XL ROSA PASTEL;PP-SF1513-10;Main Workshop;BASE;3;SF1513-10
;PP 1513-1 KISS 2XS NEGRO;PP-1513-1;Main Workshop;BASE;3;1513-1
;PP 1513-2 KISS XS NEGRO;PP-1513-2;Main Workshop;BASE;3;1513-2
;PP 1513-3 KISS S NEGRO;PP-1513-3;Main Workshop;BASE;3;1513-3
;PP 1513-4 KISS M NEGRO;PP-1513-4;Main Workshop;BASE;3;1513-4
;PP 1513-5 KISS L NEGRO;PP-1513-5;Main Workshop;BASE;3;1513-5
;PP 1513-6 KISS XL NEGRO;PP-1513-6;Main Workshop;BASE;3;1513-6
;PP 1513-7 KISS 2XL NEGRO;PP-1513-7;Main Workshop;BASE;3;1513-7
;PP 1513-8 KISS 3XL NEGRO;PP-1513-8;Main Workshop;BASE;3;1513-8
;PP 1513-9 KISS 4XL NEGRO;PP-1513-9;Main Workshop;BASE;3;1513-9
;PP 1513-10 KISS 5XL NEGRO;PP-1513-10;Main Workshop;BASE;3;1513-10
;PP 1513-11 KISS 2XS BEIGE;PP-1513-11;Main Workshop;BASE;3;1513-11
;PP 1513-12 KISS XS BEIGE;PP-1513-12;Main Workshop;BASE;3;1513-12
;PP 1513-13 KISS S BEIGE;PP-1513-13;Main Workshop;BASE;3;1513-13
;PP 1513-14 KISS M BEIGE;PP-1513-14;Main Workshop;BASE;3;1513-14
;PP 1513-15 KISS L BEIGE;PP-1513-15;Main Workshop;BASE;3;1513-15
;PP 1513-16 KISS XL BEIGE;PP-1513-16;Main Workshop;BASE;3;1513-16
;PP 1513-17 KISS 2XL BEIGE;PP-1513-17;Main Workshop;BASE;3;1513-17
;PP 1513-18 KISS 3XL BEIGE;PP-1513-18;Main Workshop;BASE;3;1513-18
;PP 1513-19 KISS 4XL BEIGE;PP-1513-19;Main Workshop;BASE;3;1513-19
;PP 1513-20 KISS 5XL BEIGE;PP-1513-20;Main Workshop;BASE;3;1513-20
;PP 1374-1 BICHI 2XS BEIGE;PP-1374-1;Main Workshop;BASE;3;1374-1
;PP 1374-2 BICHI XS BEIGE;PP-1374-2;Main Workshop;BASE;3;1374-2
;PP 1374-3 BICHI S BEIGE;PP-1374-3;Main Workshop;BASE;3;1374-3
;PP 1374-4 BICHI M BEIGE;PP-1374-4;Main Workshop;BASE;3;1374-4
;PP 1374-5 BICHI L BEIGE;PP-1374-5;Main Workshop;BASE;3;1374-5
;PP 1374-6 BICHI XL BEIGE;PP-1374-6;Main Workshop;BASE;3;1374-6
;PP 1374-7 BICHI 2XL BEIGE;PP-1374-7;Main Workshop;BASE;3;1374-7
;PP 1374-8 BICHI 3XL BEIGE;PP-1374-8;Main Workshop;BASE;3;1374-8
;PP 1374-9 BICHI 4XL BEIGE;PP-1374-9;Main Workshop;BASE;3;1374-9
;PP 1374-10 BICHI 5XL BEIGE;PP-1374-10;Main Workshop;BASE;3;1374-10
;PP 1374-11 BICHI 2XS COCOA;PP-1374-11;Main Workshop;BASE;3;1374-11
;PP 1374-12 BICHI XS COCOA;PP-1374-12;Main Workshop;BASE;3;1374-12
;PP 1374-13 BICHI S COCOA;PP-1374-13;Main Workshop;BASE;3;1374-13
;PP 1374-14 BICHI M COCOA;PP-1374-14;Main Workshop;BASE;3;1374-14
;PP 1374-15 BICHI L COCOA;PP-1374-15;Main Workshop;BASE;3;1374-15
;PP 1374-16 BICHI XL COCOA;PP-1374-16;Main Workshop;BASE;3;1374-16
;PP 1374-17 BICHI 2XL COCOA;PP-1374-17;Main Workshop;BASE;3;1374-17
;PP 1374-18 BICHI 3XL COCOA;PP-1374-18;Main Workshop;BASE;3;1374-18
;PP 1374-19 BICHI 4XL COCOA;PP-1374-19;Main Workshop;BASE;3;1374-19
;PP 1374-20 BICHI 5XL COCOA;PP-1374-20;Main Workshop;BASE;3;1374-20
;PP 2009-1 SHINE 2XS NEGRO;PP-2009-1;Main Workshop;BASE;3;2009-1
;PP 2009-2 SHINE XS NEGRO;PP-2009-2;Main Workshop;BASE;3;2009-2
;PP 2009-3 SHINE S NEGRO;PP-2009-3;Main Workshop;BASE;3;2009-3
;PP 2009-4 SHINE M NEGRO;PP-2009-4;Main Workshop;BASE;3;2009-4
;PP 2009-5 SHINE L NEGRO;PP-2009-5;Main Workshop;BASE;3;2009-5
;PP 2009-6 SHINE XL NEGRO;PP-2009-6;Main Workshop;BASE;3;2009-6
;PP 2009-7 SHINE 2XL NEGRO;PP-2009-7;Main Workshop;BASE;3;2009-7
;PP 2009-8 SHINE 3XL NEGRO;PP-2009-8;Main Workshop;BASE;3;2009-8
;PP 2009-9 SHINE 4XL NEGRO;PP-2009-9;Main Workshop;BASE;3;2009-9
;PP 2009-10 SHINE 5XL NEGRO;PP-2009-10;Main Workshop;BASE;3;2009-10
;PP 2009-11 SHINE 2XS BEIGE;PP-2009-11;Main Workshop;BASE;3;2009-11
;PP 2009-12 SHINE XS BEIGE;PP-2009-12;Main Workshop;BASE;3;2009-12
;PP 2009-13 SHINE S BEIGE;PP-2009-13;Main Workshop;BASE;3;2009-13
;PP 2009-14 SHINE M BEIGE;PP-2009-14;Main Workshop;BASE;3;2009-14
;PP 2009-15 SHINE L BEIGE;PP-2009-15;Main Workshop;BASE;3;2009-15
;PP 2009-16 SHINE XL BEIGE;PP-2009-16;Main Workshop;BASE;3;2009-16
;PP 2009-17 SHINE 2XL BEIGE;PP-2009-17;Main Workshop;BASE;3;2009-17
;PP 2009-18 SHINE 3XL BEIGE;PP-2009-18;Main Workshop;BASE;3;2009-18
;PP 2009-19 SHINE 4XL BEIGE;PP-2009-19;Main Workshop;BASE;3;2009-19
;PP 2009-20 SHINE 5XL BEIGE;PP-2009-20;Main Workshop;BASE;3;2009-20
;PP 1008-1 EXTREME VEST 2XS NEGRO;PP-1008-1;Main Workshop;BASE;3;1008-1
;PP 1008-2 EXTREME VEST XS NEGRO;PP-1008-2;Main Workshop;BASE;3;1008-2
;PP 1008-3 EXTREME VEST S NEGRO;PP-1008-3;Main Workshop;BASE;3;1008-3
;PP 1008-4 EXTREME VEST M NEGRO;PP-1008-4;Main Workshop;BASE;3;1008-4
;PP 1008-5 EXTREME VEST L NEGRO;PP-1008-5;Main Workshop;BASE;3;1008-5
;PP 1008-6 EXTREME VEST XL NEGRO;PP-1008-6;Main Workshop;BASE;3;1008-6
;PP 1008-7 EXTREME VEST 2XL NEGRO;PP-1008-7;Main Workshop;BASE;3;1008-7
;PP 1008-8 EXTREME VEST 3XL NEGRO;PP-1008-8;Main Workshop;BASE;3;1008-8
;PP 1008-9 EXTREME VEST 4XL NEGRO;PP-1008-9;Main Workshop;BASE;3;1008-9
;PP 1008-10 EXTREME VEST 5XL NEGRO;PP-1008-10;Main Workshop;BASE;3;1008-10
;PP 1008-11 EXTREME VEST 2XS BEIGE;PP-1008-11;Main Workshop;BASE;3;1008-11
;PP 1008-12 EXTREME VEST XS BEIGE;PP-1008-12;Main Workshop;BASE;3;1008-12
;PP 1008-13 EXTREME VEST S BEIGE;PP-1008-13;Main Workshop;BASE;3;1008-13
;PP 1008-14 EXTREME VEST M BEIGE;PP-1008-14;Main Workshop;BASE;3;1008-14
;PP 1008-15 EXTREME VEST L BEIGE;PP-1008-15;Main Workshop;BASE;3;1008-15
;PP 1008-16 EXTREME VEST XL BEIGE;PP-1008-16;Main Workshop;BASE;3;1008-16
;PP 1008-17 EXTREME VEST 2XL BEIGE;PP-1008-17;Main Workshop;BASE;3;1008-17
;PP 1008-18 EXTREME VEST 3XL BEIGE;PP-1008-18;Main Workshop;BASE;3;1008-18
;PP 1008-19 EXTREME VEST 4XL BEIGE;PP-1008-19;Main Workshop;BASE;3;1008-19
;PP 1008-20 EXTREME VEST 5XL BEIGE;PP-1008-20;Main Workshop;BASE;3;1008-20
;PP 1005-1 AGRESIVE VEST 2XS NEGRO;PP-1005-1;Main Workshop;BASE;3;1005-1
;PP 1005-2 AGRESIVE VEST XS NEGRO;PP-1005-2;Main Workshop;BASE;3;1005-2
;PP 1005-3 AGRESIVE VEST S NEGRO;PP-1005-3;Main Workshop;BASE;3;1005-3
;PP 1005-4 AGRESIVE VEST M NEGRO;PP-1005-4;Main Workshop;BASE;3;1005-4
;PP 1005-5 AGRESIVE VEST L NEGRO;PP-1005-5;Main Workshop;BASE;3;1005-5
;PP 1005-6 AGRESIVE VEST XL NEGRO;PP-1005-6;Main Workshop;BASE;3;1005-6
;PP 1005-7 AGRESIVE VEST 2XL NEGRO;PP-1005-7;Main Workshop;BASE;3;1005-7
;PP 1005-8 AGRESIVE VEST 3XL NEGRO;PP-1005-8;Main Workshop;BASE;3;1005-8
;PP 1005-9 AGRESIVE VEST 4XL NEGRO;PP-1005-9;Main Workshop;BASE;3;1005-9
;PP 1005-10 AGRESIVE VEST 5XL NEGRO;PP-1005-10;Main Workshop;BASE;3;1005-10
;PP 1005-11 AGRESIVE VEST 2XS BEIGE;PP-1005-11;Main Workshop;BASE;3;1005-11
;PP 1005-12 AGRESIVE VEST XS BEIGE;PP-1005-12;Main Workshop;BASE;3;1005-12
;PP 1005-13 AGRESIVE VEST S BEIGE;PP-1005-13;Main Workshop;BASE;3;1005-13
;PP 1005-14 AGRESIVE VEST M BEIGE;PP-1005-14;Main Workshop;BASE;3;1005-14
;PP 1005-15 AGRESIVE VEST L BEIGE;PP-1005-15;Main Workshop;BASE;3;1005-15
;PP 1005-16 AGRESIVE VEST XL BEIGE;PP-1005-16;Main Workshop;BASE;3;1005-16
;PP 1005-17 AGRESIVE VEST 2XL BEIGE;PP-1005-17;Main Workshop;BASE;3;1005-17
;PP 1005-18 AGRESIVE VEST 3XL BEIGE;PP-1005-18;Main Workshop;BASE;3;1005-18
;PP 1005-19 AGRESIVE VEST 4XL BEIGE;PP-1005-19;Main Workshop;BASE;3;1005-19
;PP 1005-20 AGRESIVE VEST 5XL BEIGE;PP-1005-20;Main Workshop;BASE;3;1005-20
;PP 310-1 REBELDE 2XS ROSA PASTEL;PP-310-1;Main Workshop;BASE;3;310-1
;PP 310-2 REBELDE XS ROSA PASTEL;PP-310-2;Main Workshop;BASE;3;310-2
;PP 310-3 REBELDE S ROSA PASTEL;PP-310-3;Main Workshop;BASE;3;310-3
;PP 310-4 REBELDE M ROSA PASTEL;PP-310-4;Main Workshop;BASE;3;310-4
;PP 310-5 REBELDE L ROSA PASTEL;PP-310-5;Main Workshop;BASE;3;310-5
;PP 310-6 REBELDE XL ROSA PASTEL;PP-310-6;Main Workshop;BASE;3;310-6
;PP 310-7 REBELDE 2XL ROSA PASTEL;PP-310-7;Main Workshop;BASE;3;310-7
;PP 310-8 REBELDE 3XL ROSA PASTEL;PP-310-8;Main Workshop;BASE;3;310-8
;PP 310-9 REBELDE 4XL ROSA PASTEL;PP-310-9;Main Workshop;BASE;3;310-9
;PP 310-10 REBELDE 5XL ROSA PASTEL;PP-310-10;Main Workshop;BASE;3;310-10
;PP 1003-1 CINTURILLA EXTREMA 2XS NEGRO;PP-1003-1;Main Workshop;BASE;3;1003-1
;PP 1003-2 CINTURILLA EXTREMA XS NEGRO;PP-1003-2;Main Workshop;BASE;3;1003-2
;PP 1003-3 CINTURILLA EXTREMA S NEGRO;PP-1003-3;Main Workshop;BASE;3;1003-3
;PP 1003-4 CINTURILLA EXTREMA M NEGRO;PP-1003-4;Main Workshop;BASE;3;1003-4
;PP 1003-5 CINTURILLA EXTREMA L NEGRO;PP-1003-5;Main Workshop;BASE;3;1003-5
;PP 1003-6 CINTURILLA EXTREMA XL NEGRO;PP-1003-6;Main Workshop;BASE;3;1003-6
;PP 1003-7 CINTURILLA EXTREMA 2XL NEGRO;PP-1003-7;Main Workshop;BASE;3;1003-7
;PP 1003-8 CINTURILLA EXTREMA 3XL NEGRO;PP-1003-8;Main Workshop;BASE;3;1003-8
;PP 1003-9 CINTURILLA EXTREMA 4XL NEGRO;PP-1003-9;Main Workshop;BASE;3;1003-9
;PP 1003-10 CINTURILLA EXTREMA 5XL NEGRO;PP-1003-10;Main Workshop;BASE;3;1003-10
;PP 1003-11 CINTURILLA EXTREMA 2XS ROSA PASTEL;PP-1003-11;Main Workshop;BASE;3;1003-11
;PP 1003-12 CINTURILLA EXTREMA XS ROSA PASTEL;PP-1003-12;Main Workshop;BASE;3;1003-12
;PP 1003-13 CINTURILLA EXTREMA S ROSA PASTEL;PP-1003-13;Main Workshop;BASE;3;1003-13
;PP 1003-14 CINTURILLA EXTREMA M ROSA PASTEL;PP-1003-14;Main Workshop;BASE;3;1003-14
;PP 1003-15 CINTURILLA EXTREMA L ROSA PASTEL;PP-1003-15;Main Workshop;BASE;3;1003-15
;PP 1003-16 CINTURILLA EXTREMA XL ROSA PASTEL;PP-1003-16;Main Workshop;BASE;3;1003-16
;PP 1003-17 CINTURILLA EXTREMA 2XL ROSA PASTEL;PP-1003-17;Main Workshop;BASE;3;1003-17
;PP 1003-18 CINTURILLA EXTREMA 3XL ROSA PASTEL;PP-1003-18;Main Workshop;BASE;3;1003-18
;PP 1003-19 CINTURILLA EXTREMA 4XL ROSA PASTEL;PP-1003-19;Main Workshop;BASE;3;1003-19
;PP 1003-20 CINTURILLA EXTREMA 5XL ROSA PASTEL;PP-1003-20;Main Workshop;BASE;3;1003-20
;PP 1028-1 MOULIN ROUGE 2XS NEGRO;PP-1028-1;Main Workshop;BASE;3;1028-1
;PP 1028-2 MOULIN ROUGE XS NEGRO;PP-1028-2;Main Workshop;BASE;3;1028-2
;PP 1028-3 MOULIN ROUGE S NEGRO;PP-1028-3;Main Workshop;BASE;3;1028-3
;PP 1028-4 MOULIN ROUGE M NEGRO;PP-1028-4;Main Workshop;BASE;3;1028-4
;PP 1028-5 MOULIN ROUGE L NEGRO;PP-1028-5;Main Workshop;BASE;3;1028-5
;PP 1028-6 MOULIN ROUGE XL NEGRO;PP-1028-6;Main Workshop;BASE;3;1028-6
;PP 1028-7 MOULIN ROUGE 2XL NEGRO;PP-1028-7;Main Workshop;BASE;3;1028-7
;PP 1028-8 MOULIN ROUGE 3XL NEGRO;PP-1028-8;Main Workshop;BASE;3;1028-8
;PP 1028-9 MOULIN ROUGE 4XL NEGRO;PP-1028-9;Main Workshop;BASE;3;1028-9
;PP 1028-10 MOULIN ROUGE 5XL NEGRO;PP-1028-10;Main Workshop;BASE;3;1028-10
;PP 1024AE-1 SHORT TORSO 2XS NEGRO;PP-1024AE-1;Main Workshop;BASE;3;1024AE-1
;PP 1024AE-2 SHORT TORSO XS NEGRO;PP-1024AE-2;Main Workshop;BASE;3;1024AE-2
;PP 1024AE-3 SHORT TORSO S NEGRO;PP-1024AE-3;Main Workshop;BASE;3;1024AE-3
;PP 1024AE-4 SHORT TORSO M NEGRO;PP-1024AE-4;Main Workshop;BASE;3;1024AE-4
;PP 1024AE-5 SHORT TORSO L NEGRO;PP-1024AE-5;Main Workshop;BASE;3;1024AE-5
;PP 1024AE-6 SHORT TORSO XL NEGRO;PP-1024AE-6;Main Workshop;BASE;3;1024AE-6
;PP 1024AE-7 SHORT TORSO 2XL NEGRO;PP-1024AE-7;Main Workshop;BASE;3;1024AE-7
;PP 1024AE-8 SHORT TORSO 3XL NEGRO;PP-1024AE-8;Main Workshop;BASE;3;1024AE-8
;PP 1024AE-9 SHORT TORSO 4XL NEGRO;PP-1024AE-9;Main Workshop;BASE;3;1024AE-9
;PP 1024AE-10 SHORT TORSO 5XL NEGRO;PP-1024AE-10;Main Workshop;BASE;3;1024AE-10
;PP BR1621-1 BIANKA 2XS NEGRO;PP-BR1621-1;Main Workshop;BASE;3;BR1621-1
;PP BR1621-2 BIANKA XS NEGRO;PP-BR1621-2;Main Workshop;BASE;3;BR1621-2
;PP BR1621-3 BIANKA S NEGRO;PP-BR1621-3;Main Workshop;BASE;3;BR1621-3
;PP BR1621-4 BIANKA M NEGRO;PP-BR1621-4;Main Workshop;BASE;3;BR1621-4
;PP BR1621-5 BIANKA L NEGRO;PP-BR1621-5;Main Workshop;BASE;3;BR1621-5
;PP BR1621-6 BIANKA XL NEGRO;PP-BR1621-6;Main Workshop;BASE;3;BR1621-6
;PP BR1621-7 BIANKA 2XL NEGRO;PP-BR1621-7;Main Workshop;BASE;3;BR1621-7
;PP BR1621-8 BIANKA 3XL NEGRO;PP-BR1621-8;Main Workshop;BASE;3;BR1621-8
;PP BR1621-9 BIANKA 4XL NEGRO;PP-BR1621-9;Main Workshop;BASE;3;BR1621-9
;PP BR1621-10 BIANKA 5XL NEGRO;PP-BR1621-10;Main Workshop;BASE;3;BR1621-10
;PP BR1621-11 BIANKA 2XS BEIGE;PP-BR1621-11;Main Workshop;BASE;3;BR1621-11
;PP BR1621-12 BIANKA XS BEIGE;PP-BR1621-12;Main Workshop;BASE;3;BR1621-12
;PP BR1621-13 BIANKA S BEIGE;PP-BR1621-13;Main Workshop;BASE;3;BR1621-13
;PP BR1621-14 BIANKA M BEIGE;PP-BR1621-14;Main Workshop;BASE;3;BR1621-14
;PP BR1621-15 BIANKA L BEIGE;PP-BR1621-15;Main Workshop;BASE;3;BR1621-15
;PP BR1621-16 BIANKA XL BEIGE;PP-BR1621-16;Main Workshop;BASE;3;BR1621-16
;PP BR1621-17 BIANKA 2XL BEIGE;PP-BR1621-17;Main Workshop;BASE;3;BR1621-17
;PP BR1621-18 BIANKA 3XL BEIGE;PP-BR1621-18;Main Workshop;BASE;3;BR1621-18
;PP BR1621-19 BIANKA 4XL BEIGE;PP-BR1621-19;Main Workshop;BASE;3;BR1621-19
;PP BR1621-20 BIANKA 5XL BEIGE;PP-BR1621-20;Main Workshop;BASE;3;BR1621-20
;PP FP5056-1 ELENA 2XS NEGRO;PP-FP5056-1;Main Workshop;BASE;3;FP5056-1
;PP FP5056-2 ELENA XS NEGRO;PP-FP5056-2;Main Workshop;BASE;3;FP5056-2
;PP FP5056-3 ELENA S NEGRO;PP-FP5056-3;Main Workshop;BASE;3;FP5056-3
;PP FP5056-4 ELENA M NEGRO;PP-FP5056-4;Main Workshop;BASE;3;FP5056-4
;PP FP5056-5 ELENA L NEGRO;PP-FP5056-5;Main Workshop;BASE;3;FP5056-5
;PP FP5056-6 ELENA XL NEGRO;PP-FP5056-6;Main Workshop;BASE;3;FP5056-6
;PP FP5056-7 ELENA 2XL NEGRO;PP-FP5056-7;Main Workshop;BASE;3;FP5056-7
;PP FP5056-8 ELENA 3XL NEGRO;PP-FP5056-8;Main Workshop;BASE;3;FP5056-8
;PP FP5056-9 ELENA 4XL NEGRO;PP-FP5056-9;Main Workshop;BASE;3;FP5056-9
;PP FP5056-10 ELENA 5XL NEGRO;PP-FP5056-10;Main Workshop;BASE;3;FP5056-10
;PP FP5056-11 ELENA 2XS BEIGE;PP-FP5056-11;Main Workshop;BASE;3;FP5056-11
;PP FP5056-12 ELENA XS BEIGE;PP-FP5056-12;Main Workshop;BASE;3;FP5056-12
;PP FP5056-13 ELENA S BEIGE;PP-FP5056-13;Main Workshop;BASE;3;FP5056-13
;PP FP5056-14 ELENA M BEIGE;PP-FP5056-14;Main Workshop;BASE;3;FP5056-14
;PP FP5056-15 ELENA L BEIGE;PP-FP5056-15;Main Workshop;BASE;3;FP5056-15
;PP FP5056-16 ELENA XL BEIGE;PP-FP5056-16;Main Workshop;BASE;3;FP5056-16
;PP FP5056-17 ELENA 2XL BEIGE;PP-FP5056-17;Main Workshop;BASE;3;FP5056-17
;PP FP5056-18 ELENA 3XL BEIGE;PP-FP5056-18;Main Workshop;BASE;3;FP5056-18
;PP FP5056-19 ELENA 4XL BEIGE;PP-FP5056-19;Main Workshop;BASE;3;FP5056-19
;PP FP5056-20 ELENA 5XL BEIGE;PP-FP5056-20;Main Workshop;BASE;3;FP5056-20
;PP FP5056-21 ELENA 2XS COCOA;PP-FP5056-21;Main Workshop;BASE;3;FP5056-21
;PP FP5056-22 ELENA XS COCOA;PP-FP5056-22;Main Workshop;BASE;3;FP5056-22
;PP FP5056-23 ELENA S COCOA;PP-FP5056-23;Main Workshop;BASE;3;FP5056-23
;PP FP5056-24 ELENA M COCOA;PP-FP5056-24;Main Workshop;BASE;3;FP5056-24
;PP FP5056-25 ELENA L COCOA;PP-FP5056-25;Main Workshop;BASE;3;FP5056-25
;PP FP5056-26 ELENA XL COCOA;PP-FP5056-26;Main Workshop;BASE;3;FP5056-26
;PP FP5056-27 ELENA 2XL COCOA;PP-FP5056-27;Main Workshop;BASE;3;FP5056-27
;PP FP5056-28 ELENA 3XL COCOA;PP-FP5056-28;Main Workshop;BASE;3;FP5056-28
;PP FP5056-29 ELENA 4XL COCOA;PP-FP5056-29;Main Workshop;BASE;3;FP5056-29
;PP FP5056-30 ELENA 5XL COCOA;PP-FP5056-30;Main Workshop;BASE;3;FP5056-30
;PP BR5070-1 BANDA SOPORTE 2XS NEGRO;PP-BR5070-1;Main Workshop;BASE;3;BR5070-1
;PP BR5070-2 BANDA SOPORTE XS NEGRO;PP-BR5070-2;Main Workshop;BASE;3;BR5070-2
;PP BR5070-3 BANDA SOPORTE S NEGRO;PP-BR5070-3;Main Workshop;BASE;3;BR5070-3
;PP BR5070-4 BANDA SOPORTE M NEGRO;PP-BR5070-4;Main Workshop;BASE;3;BR5070-4
;PP BR5070-5 BANDA SOPORTE L NEGRO;PP-BR5070-5;Main Workshop;BASE;3;BR5070-5
;PP BR5070-6 BANDA SOPORTE XL NEGRO;PP-BR5070-6;Main Workshop;BASE;3;BR5070-6
;PP BR5070-7 BANDA SOPORTE 2XL NEGRO;PP-BR5070-7;Main Workshop;BASE;3;BR5070-7
;PP BR5070-8 BANDA SOPORTE 3XL NEGRO;PP-BR5070-8;Main Workshop;BASE;3;BR5070-8
;PP BR5070-9 BANDA SOPORTE 4XL NEGRO;PP-BR5070-9;Main Workshop;BASE;3;BR5070-9
;PP BR5070-10 BANDA SOPORTE 5XL NEGRO;PP-BR5070-10;Main Workshop;BASE;3;BR5070-10
;PP BR6055-1 GAIA 2XS NEGRO;PP-BR6055-1;Main Workshop;BASE;3;BR6055-1
;PP BR6055-2 GAIA XS NEGRO;PP-BR6055-2;Main Workshop;BASE;3;BR6055-2
;PP BR6055-3 GAIA S NEGRO;PP-BR6055-3;Main Workshop;BASE;3;BR6055-3
;PP BR6055-4 GAIA M NEGRO;PP-BR6055-4;Main Workshop;BASE;3;BR6055-4
;PP BR6055-5 GAIA L NEGRO;PP-BR6055-5;Main Workshop;BASE;3;BR6055-5
;PP BR6055-6 GAIA XL NEGRO;PP-BR6055-6;Main Workshop;BASE;3;BR6055-6
;PP BR6055-7 GAIA 2XL NEGRO;PP-BR6055-7;Main Workshop;BASE;3;BR6055-7
;PP BR6055-8 GAIA 3XL NEGRO;PP-BR6055-8;Main Workshop;BASE;3;BR6055-8
;PP BR6055-9 GAIA 4XL NEGRO;PP-BR6055-9;Main Workshop;BASE;3;BR6055-9
;PP BR6055-10 GAIA 5XL NEGRO;PP-BR6055-10;Main Workshop;BASE;3;BR6055-10
;PP BR6055-11 GAIA 2XS BEIGE;PP-BR6055-11;Main Workshop;BASE;3;BR6055-11
;PP BR6055-12 GAIA XS BEIGE;PP-BR6055-12;Main Workshop;BASE;3;BR6055-12
;PP BR6055-13 GAIA S BEIGE;PP-BR6055-13;Main Workshop;BASE;3;BR6055-13
;PP BR6055-14 GAIA M BEIGE;PP-BR6055-14;Main Workshop;BASE;3;BR6055-14
;PP BR6055-15 GAIA L BEIGE;PP-BR6055-15;Main Workshop;BASE;3;BR6055-15
;PP BR6055-16 GAIA XL BEIGE;PP-BR6055-16;Main Workshop;BASE;3;BR6055-16
;PP BR6055-17 GAIA 2XL BEIGE;PP-BR6055-17;Main Workshop;BASE;3;BR6055-17
;PP BR6055-18 GAIA 3XL BEIGE;PP-BR6055-18;Main Workshop;BASE;3;BR6055-18
;PP BR6055-19 GAIA 4XL BEIGE;PP-BR6055-19;Main Workshop;BASE;3;BR6055-19
;PP BR6055-20 GAIA 5XL BEIGE;PP-BR6055-20;Main Workshop;BASE;3;BR6055-20
;PP BR6056-1 PAULINA 2XS COCOA;PP-BR6056-1;Main Workshop;BASE;3;BR6056-1
;PP BR6056-2 PAULINA XS COCOA;PP-BR6056-2;Main Workshop;BASE;3;BR6056-2
;PP BR6056-3 PAULINA S COCOA;PP-BR6056-3;Main Workshop;BASE;3;BR6056-3
;PP BR6056-4 PAULINA M COCOA;PP-BR6056-4;Main Workshop;BASE;3;BR6056-4
;PP BR6056-5 PAULINA L COCOA;PP-BR6056-5;Main Workshop;BASE;3;BR6056-5
;PP BR6056-6 PAULINA XL COCOA;PP-BR6056-6;Main Workshop;BASE;3;BR6056-6
;PP BR6056-7 PAULINA 2XL COCOA;PP-BR6056-7;Main Workshop;BASE;3;BR6056-7
;PP BR6056-8 PAULINA 3XL COCOA;PP-BR6056-8;Main Workshop;BASE;3;BR6056-8
;PP BR6056-9 PAULINA 4XL COCOA;PP-BR6056-9;Main Workshop;BASE;3;BR6056-9
;PP BR6056-10 PAULINA 5XL COCOA;PP-BR6056-10;Main Workshop;BASE;3;BR6056-10
;PP 1024F-1 EXCELENCIA CORTA 2XS COCOA;PP-1024F-1;Main Workshop;BASE;3;1024F-1
;PP 1024F-2 EXCELENCIA CORTA XS COCOA;PP-1024F-2;Main Workshop;BASE;3;1024F-2
;PP 1024F-3 EXCELENCIA CORTA S COCOA;PP-1024F-3;Main Workshop;BASE;3;1024F-3
;PP 1024F-4 EXCELENCIA CORTA M COCOA;PP-1024F-4;Main Workshop;BASE;3;1024F-4
;PP 1024F-5 EXCELENCIA CORTA L COCOA;PP-1024F-5;Main Workshop;BASE;3;1024F-5
;PP 1024F-6 EXCELENCIA CORTA XL COCOA;PP-1024F-6;Main Workshop;BASE;3;1024F-6
;PP 1024F-7 EXCELENCIA CORTA 2XL COCOA;PP-1024F-7;Main Workshop;BASE;3;1024F-7
;PP 1024F-8 EXCELENCIA CORTA 3XL COCOA;PP-1024F-8;Main Workshop;BASE;3;1024F-8
;PP 1024F-9 EXCELENCIA CORTA 4XL COCOA;PP-1024F-9;Main Workshop;BASE;3;1024F-9
;PP 1024F-10 EXCELENCIA CORTA 5XL COCOA;PP-1024F-10;Main Workshop;BASE;3;1024F-10
;PP F1045A-1 AMALIA ALTO 2XS NEGRO;PP-F1045A-1;Main Workshop;BASE;3;F1045A-1
;PP F1045A-2 AMALIA ALTO XS NEGRO;PP-F1045A-2;Main Workshop;BASE;3;F1045A-2
;PP F1045A-3 AMALIA ALTO S NEGRO;PP-F1045A-3;Main Workshop;BASE;3;F1045A-3
;PP F1045A-4 AMALIA ALTO M NEGRO;PP-F1045A-4;Main Workshop;BASE;3;F1045A-4
;PP F1045A-5 AMALIA ALTO L NEGRO;PP-F1045A-5;Main Workshop;BASE;3;F1045A-5
;PP F1045A-6 AMALIA ALTO XL NEGRO;PP-F1045A-6;Main Workshop;BASE;3;F1045A-6
;PP F1045A-7 AMALIA ALTO 2XL NEGRO;PP-F1045A-7;Main Workshop;BASE;3;F1045A-7
;PP F1045A-8 AMALIA ALTO 3XL NEGRO;PP-F1045A-8;Main Workshop;BASE;3;F1045A-8
;PP F1045A-9 AMALIA ALTO 4XL NEGRO;PP-F1045A-9;Main Workshop;BASE;3;F1045A-9
;PP F1045A-10 AMALIA ALTO 5XL NEGRO;PP-F1045A-10;Main Workshop;BASE;3;F1045A-10
;PP F5055A-1 EVA BROCHES 2XS BEIGE;PP-F5055A-1;Main Workshop;BASE;3;F5055A-1
;PP F5055A-2 EVA BROCHES XS BEIGE;PP-F5055A-2;Main Workshop;BASE;3;F5055A-2
;PP F5055A-3 EVA BROCHES S BEIGE;PP-F5055A-3;Main Workshop;BASE;3;F5055A-3
;PP F5055A-4 EVA BROCHES M BEIGE;PP-F5055A-4;Main Workshop;BASE;3;F5055A-4
;PP F5055A-5 EVA BROCHES L BEIGE;PP-F5055A-5;Main Workshop;BASE;3;F5055A-5
;PP F5055A-6 EVA BROCHES XL BEIGE;PP-F5055A-6;Main Workshop;BASE;3;F5055A-6
;PP F5055A-7 EVA BROCHES 2XL BEIGE;PP-F5055A-7;Main Workshop;BASE;3;F5055A-7
;PP F5055A-8 EVA BROCHES 3XL BEIGE;PP-F5055A-8;Main Workshop;BASE;3;F5055A-8
;PP F5055A-9 EVA BROCHES 4XL BEIGE;PP-F5055A-9;Main Workshop;BASE;3;F5055A-9
;PP F5055A-10 EVA BROCHES 5XL BEIGE;PP-F5055A-10;Main Workshop;BASE;3;F5055A-10
;PP FP1512-1 ALEXIA 2XS NEGRO;PP-FP1512-1;Main Workshop;BASE;3;FP1512-1
;PP FP1512-2 ALEXIA XS NEGRO;PP-FP1512-2;Main Workshop;BASE;3;FP1512-2
;PP FP1512-3 ALEXIA S NEGRO;PP-FP1512-3;Main Workshop;BASE;3;FP1512-3
;PP FP1512-4 ALEXIA M NEGRO;PP-FP1512-4;Main Workshop;BASE;3;FP1512-4
;PP FP1512-5 ALEXIA L NEGRO;PP-FP1512-5;Main Workshop;BASE;3;FP1512-5
;PP FP1512-6 ALEXIA XL NEGRO;PP-FP1512-6;Main Workshop;BASE;3;FP1512-6
;PP FP1512-7 ALEXIA 2XL NEGRO;PP-FP1512-7;Main Workshop;BASE;3;FP1512-7
;PP FP1512-8 ALEXIA 3XL NEGRO;PP-FP1512-8;Main Workshop;BASE;3;FP1512-8
;PP FP1512-9 ALEXIA 4XL NEGRO;PP-FP1512-9;Main Workshop;BASE;3;FP1512-9
;PP FP1512-10 ALEXIA 5XL NEGRO;PP-FP1512-10;Main Workshop;BASE;3;FP1512-10
;PP FP1512-11 ALEXIA 2XS BEIGE;PP-FP1512-11;Main Workshop;BASE;3;FP1512-11
;PP FP1512-12 ALEXIA XS BEIGE;PP-FP1512-12;Main Workshop;BASE;3;FP1512-12
;PP FP1512-13 ALEXIA S BEIGE;PP-FP1512-13;Main Workshop;BASE;3;FP1512-13
;PP FP1512-14 ALEXIA M BEIGE;PP-FP1512-14;Main Workshop;BASE;3;FP1512-14
;PP FP1512-15 ALEXIA L BEIGE;PP-FP1512-15;Main Workshop;BASE;3;FP1512-15
;PP FP1512-16 ALEXIA XL BEIGE;PP-FP1512-16;Main Workshop;BASE;3;FP1512-16
;PP FP1512-17 ALEXIA 2XL BEIGE;PP-FP1512-17;Main Workshop;BASE;3;FP1512-17
;PP FP1512-18 ALEXIA 3XL BEIGE;PP-FP1512-18;Main Workshop;BASE;3;FP1512-18
;PP FP1512-19 ALEXIA 4XL BEIGE;PP-FP1512-19;Main Workshop;BASE;3;FP1512-19
;PP FP1512-20 ALEXIA 5XL BEIGE;PP-FP1512-20;Main Workshop;BASE;3;FP1512-20
;PP FP1533-1 LARA 2XS NEGRO;PP-FP1533-1;Main Workshop;BASE;3;FP1533-1
;PP FP1533-2 LARA XS NEGRO;PP-FP1533-2;Main Workshop;BASE;3;FP1533-2
;PP FP1533-3 LARA S NEGRO;PP-FP1533-3;Main Workshop;BASE;3;FP1533-3
;PP FP1533-4 LARA M NEGRO;PP-FP1533-4;Main Workshop;BASE;3;FP1533-4
;PP FP1533-5 LARA L NEGRO;PP-FP1533-5;Main Workshop;BASE;3;FP1533-5
;PP FP1533-6 LARA XL NEGRO;PP-FP1533-6;Main Workshop;BASE;3;FP1533-6
;PP FP1533-7 LARA 2XL NEGRO;PP-FP1533-7;Main Workshop;BASE;3;FP1533-7
;PP FP1533-8 LARA 3XL NEGRO;PP-FP1533-8;Main Workshop;BASE;3;FP1533-8
;PP FP1533-9 LARA 4XL NEGRO;PP-FP1533-9;Main Workshop;BASE;3;FP1533-9
;PP FP1533-10 LARA 5XL NEGRO;PP-FP1533-10;Main Workshop;BASE;3;FP1533-10
;PP FP1563-1 MAGIC TIRA 2XS NEGRO;PP-FP1563-1;Main Workshop;BASE;3;FP1563-1
;PP FP1563-2 MAGIC TIRA XS NEGRO;PP-FP1563-2;Main Workshop;BASE;3;FP1563-2
;PP FP1563-3 MAGIC TIRA S NEGRO;PP-FP1563-3;Main Workshop;BASE;3;FP1563-3
;PP FP1563-4 MAGIC TIRA M NEGRO;PP-FP1563-4;Main Workshop;BASE;3;FP1563-4
;PP FP1563-5 MAGIC TIRA L NEGRO;PP-FP1563-5;Main Workshop;BASE;3;FP1563-5
;PP FP1563-6 MAGIC TIRA XL NEGRO;PP-FP1563-6;Main Workshop;BASE;3;FP1563-6
;PP FP1563-7 MAGIC TIRA 2XL NEGRO;PP-FP1563-7;Main Workshop;BASE;3;FP1563-7
;PP FP1563-8 MAGIC TIRA 3XL NEGRO;PP-FP1563-8;Main Workshop;BASE;3;FP1563-8
;PP FP1563-9 MAGIC TIRA 4XL NEGRO;PP-FP1563-9;Main Workshop;BASE;3;FP1563-9
;PP FP1563-10 MAGIC TIRA 5XL NEGRO;PP-FP1563-10;Main Workshop;BASE;3;FP1563-10
;PP FP1563-11 MAGIC TIRA 2XS BEIGE;PP-FP1563-11;Main Workshop;BASE;3;FP1563-11
;PP FP1563-12 MAGIC TIRA XS BEIGE;PP-FP1563-12;Main Workshop;BASE;3;FP1563-12
;PP FP1563-13 MAGIC TIRA S BEIGE;PP-FP1563-13;Main Workshop;BASE;3;FP1563-13
;PP FP1563-14 MAGIC TIRA M BEIGE;PP-FP1563-14;Main Workshop;BASE;3;FP1563-14
;PP FP1563-15 MAGIC TIRA L BEIGE;PP-FP1563-15;Main Workshop;BASE;3;FP1563-15
;PP FP1563-16 MAGIC TIRA XL BEIGE;PP-FP1563-16;Main Workshop;BASE;3;FP1563-16
;PP FP1563-17 MAGIC TIRA 2XL BEIGE;PP-FP1563-17;Main Workshop;BASE;3;FP1563-17
;PP FP1563-18 MAGIC TIRA 3XL BEIGE;PP-FP1563-18;Main Workshop;BASE;3;FP1563-18
;PP FP1563-19 MAGIC TIRA 4XL BEIGE;PP-FP1563-19;Main Workshop;BASE;3;FP1563-19
;PP FP1563-20 MAGIC TIRA 5XL BEIGE;PP-FP1563-20;Main Workshop;BASE;3;FP1563-20
;PP FP1563-21 MAGIC TIRA 2XS COCOA;PP-FP1563-21;Main Workshop;BASE;3;FP1563-21
;PP FP1563-22 MAGIC TIRA XS COCOA;PP-FP1563-22;Main Workshop;BASE;3;FP1563-22
;PP FP1563-23 MAGIC TIRA S COCOA;PP-FP1563-23;Main Workshop;BASE;3;FP1563-23
;PP FP1563-24 MAGIC TIRA M COCOA;PP-FP1563-24;Main Workshop;BASE;3;FP1563-24
;PP FP1563-25 MAGIC TIRA L COCOA;PP-FP1563-25;Main Workshop;BASE;3;FP1563-25
;PP FP1563-26 MAGIC TIRA XL COCOA;PP-FP1563-26;Main Workshop;BASE;3;FP1563-26
;PP FP1563-27 MAGIC TIRA 2XL COCOA;PP-FP1563-27;Main Workshop;BASE;3;FP1563-27
;PP FP1563-28 MAGIC TIRA 3XL COCOA;PP-FP1563-28;Main Workshop;BASE;3;FP1563-28
;PP FP1563-29 MAGIC TIRA 4XL COCOA;PP-FP1563-29;Main Workshop;BASE;3;FP1563-29
;PP FP1563-30 MAGIC TIRA 5XL COCOA;PP-FP1563-30;Main Workshop;BASE;3;FP1563-30
;PP FP1566-1 MAGIC MEDIA PIERNA 2XS NEGRO;PP-FP1566-1;Main Workshop;BASE;3;FP1566-1
;PP FP1566-2 MAGIC MEDIA PIERNA XS NEGRO;PP-FP1566-2;Main Workshop;BASE;3;FP1566-2
;PP FP1566-3 MAGIC MEDIA PIERNA S NEGRO;PP-FP1566-3;Main Workshop;BASE;3;FP1566-3
;PP FP1566-4 MAGIC MEDIA PIERNA M NEGRO;PP-FP1566-4;Main Workshop;BASE;3;FP1566-4
;PP FP1566-5 MAGIC MEDIA PIERNA L NEGRO;PP-FP1566-5;Main Workshop;BASE;3;FP1566-5
;PP FP1566-6 MAGIC MEDIA PIERNA XL NEGRO;PP-FP1566-6;Main Workshop;BASE;3;FP1566-6
;PP FP1566-7 MAGIC MEDIA PIERNA 2XL NEGRO;PP-FP1566-7;Main Workshop;BASE;3;FP1566-7
;PP FP1566-8 MAGIC MEDIA PIERNA 3XL NEGRO;PP-FP1566-8;Main Workshop;BASE;3;FP1566-8
;PP FP1566-9 MAGIC MEDIA PIERNA 4XL NEGRO;PP-FP1566-9;Main Workshop;BASE;3;FP1566-9
;PP FP1566-10 MAGIC MEDIA PIERNA 5XL NEGRO;PP-FP1566-10;Main Workshop;BASE;3;FP1566-10
;PP FP1566-11 MAGIC MEDIA PIERNA 2XS COCOA;PP-FP1566-11;Main Workshop;BASE;3;FP1566-11
;PP FP1566-12 MAGIC MEDIA PIERNA XS COCOA;PP-FP1566-12;Main Workshop;BASE;3;FP1566-12
;PP FP1566-13 MAGIC MEDIA PIERNA S COCOA;PP-FP1566-13;Main Workshop;BASE;3;FP1566-13
;PP FP1566-14 MAGIC MEDIA PIERNA M COCOA;PP-FP1566-14;Main Workshop;BASE;3;FP1566-14
;PP FP1566-15 MAGIC MEDIA PIERNA L COCOA;PP-FP1566-15;Main Workshop;BASE;3;FP1566-15
;PP FP1566-16 MAGIC MEDIA PIERNA XL COCOA;PP-FP1566-16;Main Workshop;BASE;3;FP1566-16
;PP FP1566-17 MAGIC MEDIA PIERNA 2XL COCOA;PP-FP1566-17;Main Workshop;BASE;3;FP1566-17
;PP FP1566-18 MAGIC MEDIA PIERNA 3XL COCOA;PP-FP1566-18;Main Workshop;BASE;3;FP1566-18
;PP FP1566-19 MAGIC MEDIA PIERNA 4XL COCOA;PP-FP1566-19;Main Workshop;BASE;3;FP1566-19
;PP FP1566-20 MAGIC MEDIA PIERNA 5XL COCOA;PP-FP1566-20;Main Workshop;BASE;3;FP1566-20
;PP FP1568-1 DENISSE 2XS NEGRO;PP-FP1568-1;Main Workshop;BASE;3;FP1568-1
;PP FP1568-2 DENISSE XS NEGRO;PP-FP1568-2;Main Workshop;BASE;3;FP1568-2
;PP FP1568-3 DENISSE S NEGRO;PP-FP1568-3;Main Workshop;BASE;3;FP1568-3
;PP FP1568-4 DENISSE M NEGRO;PP-FP1568-4;Main Workshop;BASE;3;FP1568-4
;PP FP1568-5 DENISSE L NEGRO;PP-FP1568-5;Main Workshop;BASE;3;FP1568-5
;PP FP1568-6 DENISSE XL NEGRO;PP-FP1568-6;Main Workshop;BASE;3;FP1568-6
;PP FP1568-7 DENISSE 2XL NEGRO;PP-FP1568-7;Main Workshop;BASE;3;FP1568-7
;PP FP1568-8 DENISSE 3XL NEGRO;PP-FP1568-8;Main Workshop;BASE;3;FP1568-8
;PP FP1568-9 DENISSE 4XL NEGRO;PP-FP1568-9;Main Workshop;BASE;3;FP1568-9
;PP FP1568-10 DENISSE 5XL NEGRO;PP-FP1568-10;Main Workshop;BASE;3;FP1568-10
;PP FP1569-1 AILEEN 2XS BEIGE;PP-FP1569-1;Main Workshop;BASE;3;FP1569-1
;PP FP1569-2 AILEEN XS BEIGE;PP-FP1569-2;Main Workshop;BASE;3;FP1569-2
;PP FP1569-3 AILEEN S BEIGE;PP-FP1569-3;Main Workshop;BASE;3;FP1569-3
;PP FP1569-4 AILEEN M BEIGE;PP-FP1569-4;Main Workshop;BASE;3;FP1569-4
;PP FP1569-5 AILEEN L BEIGE;PP-FP1569-5;Main Workshop;BASE;3;FP1569-5
;PP FP1569-6 AILEEN XL BEIGE;PP-FP1569-6;Main Workshop;BASE;3;FP1569-6
;PP FP1569-7 AILEEN 2XL BEIGE;PP-FP1569-7;Main Workshop;BASE;3;FP1569-7
;PP FP1569-8 AILEEN 3XL BEIGE;PP-FP1569-8;Main Workshop;BASE;3;FP1569-8
;PP FP1569-9 AILEEN 4XL BEIGE;PP-FP1569-9;Main Workshop;BASE;3;FP1569-9
;PP FP1569-10 AILEEN 5XL BEIGE;PP-FP1569-10;Main Workshop;BASE;3;FP1569-10
;PP FP1569-11 AILEEN 2XS COCOA;PP-FP1569-11;Main Workshop;BASE;3;FP1569-11
;PP FP1569-12 AILEEN XS COCOA;PP-FP1569-12;Main Workshop;BASE;3;FP1569-12
;PP FP1569-13 AILEEN S COCOA;PP-FP1569-13;Main Workshop;BASE;3;FP1569-13
;PP FP1569-14 AILEEN M COCOA;PP-FP1569-14;Main Workshop;BASE;3;FP1569-14
;PP FP1569-15 AILEEN L COCOA;PP-FP1569-15;Main Workshop;BASE;3;FP1569-15
;PP FP1569-16 AILEEN XL COCOA;PP-FP1569-16;Main Workshop;BASE;3;FP1569-16
;PP FP1569-17 AILEEN 2XL COCOA;PP-FP1569-17;Main Workshop;BASE;3;FP1569-17
;PP FP1569-18 AILEEN 3XL COCOA;PP-FP1569-18;Main Workshop;BASE;3;FP1569-18
;PP FP1569-19 AILEEN 4XL COCOA;PP-FP1569-19;Main Workshop;BASE;3;FP1569-19
;PP FP1569-20 AILEEN 5XL COCOA;PP-FP1569-20;Main Workshop;BASE;3;FP1569-20
;PP FP1575-1 AILEEN ALTO 2XS BEIGE;PP-FP1575-1;Main Workshop;BASE;3;FP1575-1
;PP FP1575-2 AILEEN ALTO XS BEIGE;PP-FP1575-2;Main Workshop;BASE;3;FP1575-2
;PP FP1575-3 AILEEN ALTO S BEIGE;PP-FP1575-3;Main Workshop;BASE;3;FP1575-3
;PP FP1575-4 AILEEN ALTO M BEIGE;PP-FP1575-4;Main Workshop;BASE;3;FP1575-4
;PP FP1575-5 AILEEN ALTO L BEIGE;PP-FP1575-5;Main Workshop;BASE;3;FP1575-5
;PP FP1575-6 AILEEN ALTO XL BEIGE;PP-FP1575-6;Main Workshop;BASE;3;FP1575-6
;PP FP1575-7 AILEEN ALTO 2XL BEIGE;PP-FP1575-7;Main Workshop;BASE;3;FP1575-7
;PP FP1575-8 AILEEN ALTO 3XL BEIGE;PP-FP1575-8;Main Workshop;BASE;3;FP1575-8
;PP FP1575-9 AILEEN ALTO 4XL BEIGE;PP-FP1575-9;Main Workshop;BASE;3;FP1575-9
;PP FP1575-10 AILEEN ALTO 5XL BEIGE;PP-FP1575-10;Main Workshop;BASE;3;FP1575-10
;PP FP1570-1 ROXY 2XS BEIGE;PP-FP1570-1;Main Workshop;BASE;3;FP1570-1
;PP FP1570-2 ROXY XS BEIGE;PP-FP1570-2;Main Workshop;BASE;3;FP1570-2
;PP FP1570-3 ROXY S BEIGE;PP-FP1570-3;Main Workshop;BASE;3;FP1570-3
;PP FP1570-4 ROXY M BEIGE;PP-FP1570-4;Main Workshop;BASE;3;FP1570-4
;PP FP1570-5 ROXY L BEIGE;PP-FP1570-5;Main Workshop;BASE;3;FP1570-5
;PP FP1570-6 ROXY XL BEIGE;PP-FP1570-6;Main Workshop;BASE;3;FP1570-6
;PP FP1570-7 ROXY 2XL BEIGE;PP-FP1570-7;Main Workshop;BASE;3;FP1570-7
;PP FP1570-8 ROXY 3XL BEIGE;PP-FP1570-8;Main Workshop;BASE;3;FP1570-8
;PP FP1570-9 ROXY 4XL BEIGE;PP-FP1570-9;Main Workshop;BASE;3;FP1570-9
;PP FP1570-10 ROXY 5XL BEIGE;PP-FP1570-10;Main Workshop;BASE;3;FP1570-10
;PP FP1576-1 GLAMOROSA 2XS NEGRO;PP-FP1576-1;Main Workshop;BASE;3;FP1576-1
;PP FP1576-2 GLAMOROSA XS NEGRO;PP-FP1576-2;Main Workshop;BASE;3;FP1576-2
;PP FP1576-3 GLAMOROSA S NEGRO;PP-FP1576-3;Main Workshop;BASE;3;FP1576-3
;PP FP1576-4 GLAMOROSA M NEGRO;PP-FP1576-4;Main Workshop;BASE;3;FP1576-4
;PP FP1576-5 GLAMOROSA L NEGRO;PP-FP1576-5;Main Workshop;BASE;3;FP1576-5
;PP FP1576-6 GLAMOROSA XL NEGRO;PP-FP1576-6;Main Workshop;BASE;3;FP1576-6
;PP FP1576-7 GLAMOROSA 2XL NEGRO;PP-FP1576-7;Main Workshop;BASE;3;FP1576-7
;PP FP1576-8 GLAMOROSA 3XL NEGRO;PP-FP1576-8;Main Workshop;BASE;3;FP1576-8
;PP FP1576-9 GLAMOROSA 4XL NEGRO;PP-FP1576-9;Main Workshop;BASE;3;FP1576-9
;PP FP1576-10 GLAMOROSA 5XL NEGRO;PP-FP1576-10;Main Workshop;BASE;3;FP1576-10
;PP FP1576-11 GLAMOROSA 2XS BEIGE;PP-FP1576-11;Main Workshop;BASE;3;FP1576-11
;PP FP1576-12 GLAMOROSA XS BEIGE;PP-FP1576-12;Main Workshop;BASE;3;FP1576-12
;PP FP1576-13 GLAMOROSA S BEIGE;PP-FP1576-13;Main Workshop;BASE;3;FP1576-13
;PP FP1576-14 GLAMOROSA M BEIGE;PP-FP1576-14;Main Workshop;BASE;3;FP1576-14
;PP FP1576-15 GLAMOROSA L BEIGE;PP-FP1576-15;Main Workshop;BASE;3;FP1576-15
;PP FP1576-16 GLAMOROSA XL BEIGE;PP-FP1576-16;Main Workshop;BASE;3;FP1576-16
;PP FP1576-17 GLAMOROSA 2XL BEIGE;PP-FP1576-17;Main Workshop;BASE;3;FP1576-17
;PP FP1576-18 GLAMOROSA 3XL BEIGE;PP-FP1576-18;Main Workshop;BASE;3;FP1576-18
;PP FP1576-19 GLAMOROSA 4XL BEIGE;PP-FP1576-19;Main Workshop;BASE;3;FP1576-19
;PP FP1576-20 GLAMOROSA 5XL BEIGE;PP-FP1576-20;Main Workshop;BASE;3;FP1576-20
;PP FP3000-1 LUPITA 2XS NEGRO;PP-FP3000-1;Main Workshop;BASE;3;FP3000-1
;PP FP3000-2 LUPITA XS NEGRO;PP-FP3000-2;Main Workshop;BASE;3;FP3000-2
;PP FP3000-3 LUPITA S NEGRO;PP-FP3000-3;Main Workshop;BASE;3;FP3000-3
;PP FP3000-4 LUPITA M NEGRO;PP-FP3000-4;Main Workshop;BASE;3;FP3000-4
;PP FP3000-5 LUPITA L NEGRO;PP-FP3000-5;Main Workshop;BASE;3;FP3000-5
;PP FP3000-6 LUPITA XL NEGRO;PP-FP3000-6;Main Workshop;BASE;3;FP3000-6
;PP FP3000-7 LUPITA 2XL NEGRO;PP-FP3000-7;Main Workshop;BASE;3;FP3000-7
;PP FP3000-8 LUPITA 3XL NEGRO;PP-FP3000-8;Main Workshop;BASE;3;FP3000-8
;PP FP3000-9 LUPITA 4XL NEGRO;PP-FP3000-9;Main Workshop;BASE;3;FP3000-9
;PP FP3000-10 LUPITA 5XL NEGRO;PP-FP3000-10;Main Workshop;BASE;3;FP3000-10
;PP FP1590-1 UP SEXY 2XS NEGRO;PP-FP1590-1;Main Workshop;BASE;3;FP1590-1
;PP FP1590-2 UP SEXY XS NEGRO;PP-FP1590-2;Main Workshop;BASE;3;FP1590-2
;PP FP1590-3 UP SEXY S NEGRO;PP-FP1590-3;Main Workshop;BASE;3;FP1590-3
;PP FP1590-4 UP SEXY M NEGRO;PP-FP1590-4;Main Workshop;BASE;3;FP1590-4
;PP FP1590-5 UP SEXY L NEGRO;PP-FP1590-5;Main Workshop;BASE;3;FP1590-5
;PP FP1590-6 UP SEXY XL NEGRO;PP-FP1590-6;Main Workshop;BASE;3;FP1590-6
;PP FP1590-7 UP SEXY 2XL NEGRO;PP-FP1590-7;Main Workshop;BASE;3;FP1590-7
;PP FP1590-8 UP SEXY 3XL NEGRO;PP-FP1590-8;Main Workshop;BASE;3;FP1590-8
;PP FP1590-9 UP SEXY 4XL NEGRO;PP-FP1590-9;Main Workshop;BASE;3;FP1590-9
;PP FP1590-10 UP SEXY 5XL NEGRO;PP-FP1590-10;Main Workshop;BASE;3;FP1590-10
;PP FP1597-1 REGIA 2XS BEIGE;PP-FP1597-1;Main Workshop;BASE;3;FP1597-1
;PP FP1597-2 REGIA XS BEIGE;PP-FP1597-2;Main Workshop;BASE;3;FP1597-2
;PP FP1597-3 REGIA S BEIGE;PP-FP1597-3;Main Workshop;BASE;3;FP1597-3
;PP FP1597-4 REGIA M BEIGE;PP-FP1597-4;Main Workshop;BASE;3;FP1597-4
;PP FP1597-5 REGIA L BEIGE;PP-FP1597-5;Main Workshop;BASE;3;FP1597-5
;PP FP1597-6 REGIA XL BEIGE;PP-FP1597-6;Main Workshop;BASE;3;FP1597-6
;PP FP1597-7 REGIA 2XL BEIGE;PP-FP1597-7;Main Workshop;BASE;3;FP1597-7
;PP FP1597-8 REGIA 3XL BEIGE;PP-FP1597-8;Main Workshop;BASE;3;FP1597-8
;PP FP1597-9 REGIA 4XL BEIGE;PP-FP1597-9;Main Workshop;BASE;3;FP1597-9
;PP FP1597-10 REGIA 5XL BEIGE;PP-FP1597-10;Main Workshop;BASE;3;FP1597-10
;PP FP5028-1 VIVIS TIRANTE 2XS COCOA;PP-FP5028-1;Main Workshop;BASE;3;FP5028-1
;PP FP5028-2 VIVIS TIRANTE XS COCOA;PP-FP5028-2;Main Workshop;BASE;3;FP5028-2
;PP FP5028-3 VIVIS TIRANTE S COCOA;PP-FP5028-3;Main Workshop;BASE;3;FP5028-3
;PP FP5028-4 VIVIS TIRANTE M COCOA;PP-FP5028-4;Main Workshop;BASE;3;FP5028-4
;PP FP5028-5 VIVIS TIRANTE L COCOA;PP-FP5028-5;Main Workshop;BASE;3;FP5028-5
;PP FP5028-6 VIVIS TIRANTE XL COCOA;PP-FP5028-6;Main Workshop;BASE;3;FP5028-6
;PP FP5028-7 VIVIS TIRANTE 2XL COCOA;PP-FP5028-7;Main Workshop;BASE;3;FP5028-7
;PP FP5028-8 VIVIS TIRANTE 3XL COCOA;PP-FP5028-8;Main Workshop;BASE;3;FP5028-8
;PP FP5028-9 VIVIS TIRANTE 4XL COCOA;PP-FP5028-9;Main Workshop;BASE;3;FP5028-9
;PP FP5028-10 VIVIS TIRANTE 5XL COCOA;PP-FP5028-10;Main Workshop;BASE;3;FP5028-10
;PP FP6013-1 EMILY 2XS COCOA;PP-FP6013-1;Main Workshop;BASE;3;FP6013-1
;PP FP6013-2 EMILY XS COCOA;PP-FP6013-2;Main Workshop;BASE;3;FP6013-2
;PP FP6013-3 EMILY S COCOA;PP-FP6013-3;Main Workshop;BASE;3;FP6013-3
;PP FP6013-4 EMILY M COCOA;PP-FP6013-4;Main Workshop;BASE;3;FP6013-4
;PP FP6013-5 EMILY L COCOA;PP-FP6013-5;Main Workshop;BASE;3;FP6013-5
;PP FP6013-6 EMILY XL COCOA;PP-FP6013-6;Main Workshop;BASE;3;FP6013-6
;PP FP6013-7 EMILY 2XL COCOA;PP-FP6013-7;Main Workshop;BASE;3;FP6013-7
;PP FP6013-8 EMILY 3XL COCOA;PP-FP6013-8;Main Workshop;BASE;3;FP6013-8
;PP FP6013-9 EMILY 4XL COCOA;PP-FP6013-9;Main Workshop;BASE;3;FP6013-9
;PP FP6013-10 EMILY 5XL COCOA;PP-FP6013-10;Main Workshop;BASE;3;FP6013-10
;PP FP6149-1 ALEXANDRA 2XS COCOA;PP-FP6149-1;Main Workshop;BASE;3;FP6149-1
;PP FP6149-2 ALEXANDRA XS COCOA;PP-FP6149-2;Main Workshop;BASE;3;FP6149-2
;PP FP6149-3 ALEXANDRA S COCOA;PP-FP6149-3;Main Workshop;BASE;3;FP6149-3
;PP FP6149-4 ALEXANDRA M COCOA;PP-FP6149-4;Main Workshop;BASE;3;FP6149-4
;PP FP6149-5 ALEXANDRA L COCOA;PP-FP6149-5;Main Workshop;BASE;3;FP6149-5
;PP FP6149-6 ALEXANDRA XL COCOA;PP-FP6149-6;Main Workshop;BASE;3;FP6149-6
;PP FP6149-7 ALEXANDRA 2XL COCOA;PP-FP6149-7;Main Workshop;BASE;3;FP6149-7
;PP FP6149-8 ALEXANDRA 3XL COCOA;PP-FP6149-8;Main Workshop;BASE;3;FP6149-8
;PP FP6149-9 ALEXANDRA 4XL COCOA;PP-FP6149-9;Main Workshop;BASE;3;FP6149-9
;PP FP6149-10 ALEXANDRA 5XL COCOA;PP-FP6149-10;Main Workshop;BASE;3;FP6149-10
;PP FP9571-1 OPAL 2XS NEGRO;PP-FP9571-1;Main Workshop;BASE;3;FP9571-1
;PP FP9571-2 OPAL XS NEGRO;PP-FP9571-2;Main Workshop;BASE;3;FP9571-2
;PP FP9571-3 OPAL S NEGRO;PP-FP9571-3;Main Workshop;BASE;3;FP9571-3
;PP FP9571-4 OPAL M NEGRO;PP-FP9571-4;Main Workshop;BASE;3;FP9571-4
;PP FP9571-5 OPAL L NEGRO;PP-FP9571-5;Main Workshop;BASE;3;FP9571-5
;PP FP9571-6 OPAL XL NEGRO;PP-FP9571-6;Main Workshop;BASE;3;FP9571-6
;PP FP9571-7 OPAL 2XL NEGRO;PP-FP9571-7;Main Workshop;BASE;3;FP9571-7
;PP FP9571-8 OPAL 3XL NEGRO;PP-FP9571-8;Main Workshop;BASE;3;FP9571-8
;PP FP9571-9 OPAL 4XL NEGRO;PP-FP9571-9;Main Workshop;BASE;3;FP9571-9
;PP FP9571-10 OPAL 5XL NEGRO;PP-FP9571-10;Main Workshop;BASE;3;FP9571-10
;PP FP9571-11 OPAL 2XS BEIGE;PP-FP9571-11;Main Workshop;BASE;3;FP9571-11
;PP FP9571-12 OPAL XS BEIGE;PP-FP9571-12;Main Workshop;BASE;3;FP9571-12
;PP FP9571-13 OPAL S BEIGE;PP-FP9571-13;Main Workshop;BASE;3;FP9571-13
;PP FP9571-14 OPAL M BEIGE;PP-FP9571-14;Main Workshop;BASE;3;FP9571-14
;PP FP9571-15 OPAL L BEIGE;PP-FP9571-15;Main Workshop;BASE;3;FP9571-15
;PP FP9571-16 OPAL XL BEIGE;PP-FP9571-16;Main Workshop;BASE;3;FP9571-16
;PP FP9571-17 OPAL 2XL BEIGE;PP-FP9571-17;Main Workshop;BASE;3;FP9571-17
;PP FP9571-18 OPAL 3XL BEIGE;PP-FP9571-18;Main Workshop;BASE;3;FP9571-18
;PP FP9571-19 OPAL 4XL BEIGE;PP-FP9571-19;Main Workshop;BASE;3;FP9571-19
;PP FP9571-20 OPAL 5XL BEIGE;PP-FP9571-20;Main Workshop;BASE;3;FP9571-20
;"PP FP1509-1 MENTONERA ";PP-FP1509-1;Main Workshop;BASE;3;FP1509-1
;PP FP1322-1 APASIONADA 2XS NEGRO;PP-FP1322-1;Main Workshop;BASE;3;FP1322-1
;PP FP1322-2 APASIONADA XS NEGRO;PP-FP1322-2;Main Workshop;BASE;3;FP1322-2
;PP FP1322-3 APASIONADA S NEGRO;PP-FP1322-3;Main Workshop;BASE;3;FP1322-3
;PP FP1322-4 APASIONADA M NEGRO;PP-FP1322-4;Main Workshop;BASE;3;FP1322-4
;PP FP1322-5 APASIONADA L NEGRO;PP-FP1322-5;Main Workshop;BASE;3;FP1322-5
;PP FP1322-6 APASIONADA XL NEGRO;PP-FP1322-6;Main Workshop;BASE;3;FP1322-6
;PP FP1322-7 APASIONADA 2XL NEGRO;PP-FP1322-7;Main Workshop;BASE;3;FP1322-7
;PP FP1322-8 APASIONADA 3XL NEGRO;PP-FP1322-8;Main Workshop;BASE;3;FP1322-8
;PP FP1322-9 APASIONADA 4XL NEGRO;PP-FP1322-9;Main Workshop;BASE;3;FP1322-9
;PP FP1322-10 APASIONADA 5XL NEGRO;PP-FP1322-10;Main Workshop;BASE;3;FP1322-10
;PP FP1322-11 APASIONADA 2XS BEIGE;PP-FP1322-11;Main Workshop;BASE;3;FP1322-11
;PP FP1322-12 APASIONADA XS BEIGE;PP-FP1322-12;Main Workshop;BASE;3;FP1322-12
;PP FP1322-13 APASIONADA S BEIGE;PP-FP1322-13;Main Workshop;BASE;3;FP1322-13
;PP FP1322-14 APASIONADA M BEIGE;PP-FP1322-14;Main Workshop;BASE;3;FP1322-14
;PP FP1322-15 APASIONADA L BEIGE;PP-FP1322-15;Main Workshop;BASE;3;FP1322-15
;PP FP1322-16 APASIONADA XL BEIGE;PP-FP1322-16;Main Workshop;BASE;3;FP1322-16
;PP FP1322-17 APASIONADA 2XL BEIGE;PP-FP1322-17;Main Workshop;BASE;3;FP1322-17
;PP FP1322-18 APASIONADA 3XL BEIGE;PP-FP1322-18;Main Workshop;BASE;3;FP1322-18
;PP FP1322-19 APASIONADA 4XL BEIGE;PP-FP1322-19;Main Workshop;BASE;3;FP1322-19
;PP FP1322-20 APASIONADA 5XL BEIGE;PP-FP1322-20;Main Workshop;BASE;3;FP1322-20
;PP FP1514-1 AMBER 2XS NEGRO;PP-FP1514-1;Main Workshop;BASE;3;FP1514-1
;PP FP1514-2 AMBER XS NEGRO;PP-FP1514-2;Main Workshop;BASE;3;FP1514-2
;PP FP1514-3 AMBER S NEGRO;PP-FP1514-3;Main Workshop;BASE;3;FP1514-3
;PP FP1514-4 AMBER M NEGRO;PP-FP1514-4;Main Workshop;BASE;3;FP1514-4
;PP FP1514-5 AMBER L NEGRO;PP-FP1514-5;Main Workshop;BASE;3;FP1514-5
;PP FP1514-6 AMBER XL NEGRO;PP-FP1514-6;Main Workshop;BASE;3;FP1514-6
;PP FP1514-7 AMBER 2XL NEGRO;PP-FP1514-7;Main Workshop;BASE;3;FP1514-7
;PP FP1514-8 AMBER 3XL NEGRO;PP-FP1514-8;Main Workshop;BASE;3;FP1514-8
;PP FP1514-9 AMBER 4XL NEGRO;PP-FP1514-9;Main Workshop;BASE;3;FP1514-9
;PP FP1514-10 AMBER 5XL NEGRO;PP-FP1514-10;Main Workshop;BASE;3;FP1514-10
;PP BR5070-11 BANDA SOPORTE 2XS BEIGE;PP-BR5070-11;Main Workshop;BASE;3;BR5070-11
;PP BR5070-12 BANDA SOPORTE XS BEIGE;PP-BR5070-12;Main Workshop;BASE;3;BR5070-12
;PP BR5070-13 BANDA SOPORTE S BEIGE;PP-BR5070-13;Main Workshop;BASE;3;BR5070-13
;PP BR5070-14 BANDA SOPORTE M BEIGE;PP-BR5070-14;Main Workshop;BASE;3;BR5070-14
;PP BR5070-15 BANDA SOPORTE L BEIGE;PP-BR5070-15;Main Workshop;BASE;3;BR5070-15
;PP BR5070-16 BANDA SOPORTE XL BEIGE;PP-BR5070-16;Main Workshop;BASE;3;BR5070-16
;PP BR5070-17 BANDA SOPORTE 2XL BEIGE;PP-BR5070-17;Main Workshop;BASE;3;BR5070-17
;PP BR5070-18 BANDA SOPORTE 3XL BEIGE;PP-BR5070-18;Main Workshop;BASE;3;BR5070-18
;PP BR5070-19 BANDA SOPORTE 4XL BEIGE;PP-BR5070-19;Main Workshop;BASE;3;BR5070-19
;PP BR5070-20 BANDA SOPORTE 5XL BEIGE;PP-BR5070-20;Main Workshop;BASE;3;BR5070-20
;PP FP1491-1 CURVA MAGICA 2XS COCOA;PP-FP1491-1;Main Workshop;BASE;3;FP1491-1
;PP FP1491-2 CURVA MAGICA XS COCOA;PP-FP1491-2;Main Workshop;BASE;3;FP1491-2
;PP FP1491-3 CURVA MAGICA S COCOA;PP-FP1491-3;Main Workshop;BASE;3;FP1491-3
;PP FP1491-4 CURVA MAGICA M COCOA;PP-FP1491-4;Main Workshop;BASE;3;FP1491-4
;PP FP1491-5 CURVA MAGICA L COCOA;PP-FP1491-5;Main Workshop;BASE;3;FP1491-5
;PP FP1491-6 CURVA MAGICA XL COCOA;PP-FP1491-6;Main Workshop;BASE;3;FP1491-6
;PP FP1491-7 CURVA MAGICA 2XL COCOA;PP-FP1491-7;Main Workshop;BASE;3;FP1491-7
;PP FP1491-8 CURVA MAGICA 3XL COCOA;PP-FP1491-8;Main Workshop;BASE;3;FP1491-8
;PP FP1491-9 CURVA MAGICA 4XL COCOA;PP-FP1491-9;Main Workshop;BASE;3;FP1491-9
;PP FP1491-10 CURVA MAGICA 5XL COCOA;PP-FP1491-10;Main Workshop;BASE;3;FP1491-10
;PP 5073-1 TABLA ACCESORIOS 2XS BEIGE;PP-5073-1;Main Workshop;BASE;3;5073-1
;PP 5073-2 TABLA ACCESORIOS XS BEIGE;PP-5073-2;Main Workshop;BASE;3;5073-2
;PP 5073-3 TABLA ACCESORIOS S BEIGE;PP-5073-3;Main Workshop;BASE;3;5073-3
;PP 5073-4 TABLA ACCESORIOS M BEIGE;PP-5073-4;Main Workshop;BASE;3;5073-4
;PP 5073-5 TABLA ACCESORIOS L BEIGE;PP-5073-5;Main Workshop;BASE;3;5073-5
;PP 5073-6 TABLA ACCESORIOS XL BEIGE;PP-5073-6;Main Workshop;BASE;3;5073-6
;PP 5073-7 TABLA ACCESORIOS 2XL BEIGE;PP-5073-7;Main Workshop;BASE;3;5073-7
;PP 5073-8 TABLA ACCESORIOS 3XL BEIGE;PP-5073-8;Main Workshop;BASE;3;5073-8
;PP 5073-9 TABLA ACCESORIOS 4XL BEIGE;PP-5073-9;Main Workshop;BASE;3;5073-9
;PP 5073-10 TABLA ACCESORIOS 5XL BEIGE;PP-5073-10;Main Workshop;BASE;3;5073-10
;PP FP1491-11 CURVA MAGICA 2XS COCOA;PP-FP1491-11;Main Workshop;BASE;3;FP1491-11
;PP FP1491-12 CURVA MAGICA XS COCOA;PP-FP1491-12;Main Workshop;BASE;3;FP1491-12
;PP FP1491-13 CURVA MAGICA S COCOA;PP-FP1491-13;Main Workshop;BASE;3;FP1491-13
;PP FP1491-14 CURVA MAGICA M COCOA;PP-FP1491-14;Main Workshop;BASE;3;FP1491-14
;PP FP1491-15 CURVA MAGICA L COCOA;PP-FP1491-15;Main Workshop;BASE;3;FP1491-15
;PP FP1491-16 CURVA MAGICA XL COCOA;PP-FP1491-16;Main Workshop;BASE;3;FP1491-16
;PP FP1491-17 CURVA MAGICA 2XL COCOA;PP-FP1491-17;Main Workshop;BASE;3;FP1491-17
;PP FP1491-18 CURVA MAGICA 3XL COCOA;PP-FP1491-18;Main Workshop;BASE;3;FP1491-18
;PP FP1491-19 CURVA MAGICA 4XL COCOA;PP-FP1491-19;Main Workshop;BASE;3;FP1491-19
;PP FP1491-20 CURVA MAGICA 5XL COCOA;PP-FP1491-20;Main Workshop;BASE;3;FP1491-20
;PP 1566-11 magic 2XS BEIGE;PP-1566-11;Main Workshop;BASE;3;1566-11
;PP 1566-12 magic XS BEIGE;PP-1566-12;Main Workshop;BASE;3;1566-12
;PP 1566-13 magic S BEIGE;PP-1566-13;Main Workshop;BASE;3;1566-13
;PP 1566-14 magic M BEIGE;PP-1566-14;Main Workshop;BASE;3;1566-14
;PP 1566-15 magic L BEIGE;PP-1566-15;Main Workshop;BASE;3;1566-15
;PP 1566-16 magic XL BEIGE;PP-1566-16;Main Workshop;BASE;3;1566-16
;PP 1566-17 magic 2XL BEIGE;PP-1566-17;Main Workshop;BASE;3;1566-17
;PP 1566-18 magic 3XL BEIGE;PP-1566-18;Main Workshop;BASE;3;1566-18
;PP 1566-19 magic 4XL BEIGE;PP-1566-19;Main Workshop;BASE;3;1566-19
;PP 1566-20 magic 5XL BEIGE;PP-1566-20;Main Workshop;BASE;3;1566-20